playlist_genre,track_name,track_artist,track_popularity,analysis_url
pop,Die With A Smile,"Lady Gaga, Bruno Mars",100,https://api.spotify.com/v1/audio-analysis/2plbrEY59IikOBgBGLjaoe
pop,BIRDS OF A FEATHER,Billie Eilish,97,https://api.spotify.com/v1/audio-analysis/6dOtVTDdiauQNBQEDOtlAB
pop,Thatâ€™s So True,Gracie Abrams,93,https://api.spotify.com/v1/audio-analysis/7ne4VBA60CxGM75vw0EYad
pop,Taste,Sabrina Carpenter,81,https://api.spotify.com/v1/audio-analysis/1d7Ptw3qYcfpdLNL5REhtJ
pop,APT.,"ROSÃ‰, Bruno Mars",98,https://api.spotify.com/v1/audio-analysis/5vNRhkKd0yEAg8suGBpjeY
pop,"Good Luck, Babe!",Chappell Roan,94,https://api.spotify.com/v1/audio-analysis/0WbMK4wrZ1wFSty9F7FCgu
pop,Diet Pepsi,Addison Rae,88,https://api.spotify.com/v1/audio-analysis/6MzofobZt2dm0Kf1hTThFz
pop,WILDFLOWER,Billie Eilish,93,https://api.spotify.com/v1/audio-analysis/3QaPy1KgI7nu9FJEQUgn6h
pop,Sailor Song,Gigi Perez,71,https://api.spotify.com/v1/audio-analysis/0UYnhUfnUj5adChuAXvLUB
pop,Timeless (with Playboi Carti),"The Weeknd, Playboi Carti",92,https://api.spotify.com/v1/audio-analysis/1Es7AUAhQvapIcoh3qMKDL
pop,Guess featuring billie eilish,"Charli xcx, Billie Eilish",85,https://api.spotify.com/v1/audio-analysis/3WOhcATHxK2SLNeP5W3v1v
pop,Please Please Please,Sabrina Carpenter,88,https://api.spotify.com/v1/audio-analysis/5N3hjp1WNayUPZrA8kJmJP
pop,2 hands,Tate McRae,79,https://api.spotify.com/v1/audio-analysis/1f18HzFpegqvH4ibGJyeMJ
pop,A Bar Song (Tipsy),Shaboozey,86,https://api.spotify.com/v1/audio-analysis/2FQrifJ1N335Ljm3TjTVVf
pop,HOT TO GO!,Chappell Roan,88,https://api.spotify.com/v1/audio-analysis/4xdBrk0nFZaP54vvZj0yx7
pop,Disease,Lady Gaga,86,https://api.spotify.com/v1/audio-analysis/19KlZwqlT3fguP2BeHF1Q1
pop,Moonlit Floor (Kiss Me),LISA,82,https://api.spotify.com/v1/audio-analysis/5G345YEhvleYxQLfYUlEFv
pop,Love Somebody,Morgan Wallen,86,https://api.spotify.com/v1/audio-analysis/7hR22TOX3RorxJPcsz5Wbo
pop,"I Love You, I'm Sorry",Gracie Abrams,90,https://api.spotify.com/v1/audio-analysis/51rfRCiUSvxXlCSCfIztBy
pop,Move,"Adam Port, Stryv, Keinemusik, Orso, Malachiii",86,https://api.spotify.com/v1/audio-analysis/1BJJbSX6muJVF2AK7uH1x4
pop,"Sticky (feat. GloRilla, Sexyy Red & Lil Wayne)","Tyler, The Creator, GloRilla, Sexyy Red, Lil Wayne",88,https://api.spotify.com/v1/audio-analysis/3tFed7YsjGnIfxeLEQwx3R
pop,Espresso,Sabrina Carpenter,90,https://api.spotify.com/v1/audio-analysis/2qSkIjg1o9h3YT9RAgYN75
pop,Mantra,JENNIE,89,https://api.spotify.com/v1/audio-analysis/2CspwnypzT7rcWI9RfsoSb
pop,QuÃ© PasarÃ­a...,"Rauw Alejandro, Bad Bunny",82,https://api.spotify.com/v1/audio-analysis/0l0vcZMU7AOeQmUIREoI2U
pop,NEW DROP,Don Toliver,85,https://api.spotify.com/v1/audio-analysis/2c7z5oRcPBbqRaBY2mLWcf
pop,I Had Some Help (Feat. Morgan Wallen),"Post Malone, Morgan Wallen",84,https://api.spotify.com/v1/audio-analysis/7221xIgOnuakPdLqT0F3nP
pop,Too Sweet,Hozier,77,https://api.spotify.com/v1/audio-analysis/4IadxL6BUymXlh8RCJJu7T
pop,No One Noticed,The MarÃ­as,84,https://api.spotify.com/v1/audio-analysis/3siwsiaEoU4Kuuc9WKMUy5
pop,Tu Boda,"Oscar Maydon, Fuerza Regida",93,https://api.spotify.com/v1/audio-analysis/1cOboCuWYI2osTOfolMRS6
pop,Stargazing,Myles Smith,88,https://api.spotify.com/v1/audio-analysis/3Vr3zh0r7ALn8VLqCiRR10
pop,WHATCHU KNO ABOUT ME (with Sexyy Red),"GloRilla, Sexyy Red",70,https://api.spotify.com/v1/audio-analysis/4VI2Y5xg4gYynQqNQNQbTN
pop,we can't be friends (wait for your love),Ariana Grande,81,https://api.spotify.com/v1/audio-analysis/46kspZSY3aKmwQe7O77fCC
pop,Beautiful Things,Benson Boone,85,https://api.spotify.com/v1/audio-analysis/6tNQ70jh4OwmPGpYy6R2o9
pop,DEGENERE ðŸ‘‘ (feat. benny blanco),"Myke Towers, benny blanco",84,https://api.spotify.com/v1/audio-analysis/0qeIFEGRQqHoaJtLCl0U73
pop,Touch,KATSEYE,85,https://api.spotify.com/v1/audio-analysis/6aJn7Cst74cj4lNIiPRgav
pop,Lose Control,Teddy Swims,89,https://api.spotify.com/v1/audio-analysis/17phhZDn6oGtzMe56NuWvj
pop,Belong Together,Mark Ambor,82,https://api.spotify.com/v1/audio-analysis/5uQ7de4EWjb3rkcFxyEOpu
pop,Si Antes Te Hubiera Conocido,KAROL G,93,https://api.spotify.com/v1/audio-analysis/6WatFBLVB0x077xWeoVc2k
pop,End of Beginning,Djo,89,https://api.spotify.com/v1/audio-analysis/3qhlB30KknSejmIvZZLjOD
pop,Fortnight (feat. Post Malone),"Taylor Swift, Post Malone",84,https://api.spotify.com/v1/audio-analysis/2OzhQlSqBEmt7hmkYxfT6m
pop,Q U E V A S H A C E R H O Y ?,"Omar Courtz, De La Rose",89,https://api.spotify.com/v1/audio-analysis/0Sr7ssScx54yxdM2ols7nW
pop,Not Like Us,Kendrick Lamar,88,https://api.spotify.com/v1/audio-analysis/6AI3ezQ4o3HUoP6Dhudph3
pop,Running Wild,Jin,85,https://api.spotify.com/v1/audio-analysis/4p7DTkyrKqT98xlIwYYfXz
pop,+57,"KAROL G, Feid, DFZM, Ovy On The Drums, J Balvin, Maluma, Ryan Castro, Blessd",84,https://api.spotify.com/v1/audio-analysis/3mg9jYNC1NihbthlglzrWP
pop,Embrace It,Ndotz,87,https://api.spotify.com/v1/audio-analysis/0io16MKpbeDIdYzmGpQaES
pop,The Emptiness Machine,Linkin Park,89,https://api.spotify.com/v1/audio-analysis/2PnlsTsOTLE5jnBnNe2K0A
pop,Who,Jimin,92,https://api.spotify.com/v1/audio-analysis/7tI8dRuH2Yc6RuoTjxo4dU
rock,Hotel California - 2013 Remaster,Eagles,81,https://api.spotify.com/v1/audio-analysis/40riOy7x9W7GXjyGp4pjAv
rock,Thunderstruck,AC/DC,83,https://api.spotify.com/v1/audio-analysis/57bgtoPSgt236HzfBOd8kj
rock,Seven Nation Army,The White Stripes,82,https://api.spotify.com/v1/audio-analysis/3dPQuX8Gs42Y7b454ybpMR
rock,Creep,Radiohead,86,https://api.spotify.com/v1/audio-analysis/70LcF31zb1H0PyJoS1Sx1r
rock,Come As You Are,Nirvana,76,https://api.spotify.com/v1/audio-analysis/4P5KoWXOxwuobLmHXLMobV
rock,Californication,Red Hot Chili Peppers,81,https://api.spotify.com/v1/audio-analysis/48UPSzbZjgc449aqz8bxox
rock,Sweet Child O' Mine,Guns N' Roses,84,https://api.spotify.com/v1/audio-analysis/7snQQk1zcKl8gZ92AnueZW
rock,"Paint It, Black",The Rolling Stones,81,https://api.spotify.com/v1/audio-analysis/63T7DJ1AFDD6Bn8VzG6JE8
rock,Dreams - 2004 Remaster,Fleetwood Mac,84,https://api.spotify.com/v1/audio-analysis/0ofHAoxe9vBkTCp2UQIavz
rock,Everlong,Foo Fighters,81,https://api.spotify.com/v1/audio-analysis/5UWwZ5lm5PKu6eKsHAGxOk
rock,I Love Rock 'N Roll,Joan Jett & the Blackhearts,77,https://api.spotify.com/v1/audio-analysis/2Cdvbe2G4hZsnhNMKyGrie
rock,Dust in the Wind,Kansas,79,https://api.spotify.com/v1/audio-analysis/6zeE5tKyr8Nu882DQhhSQI
rock,"Another Brick in the Wall, Pt. 2",Pink Floyd,74,https://api.spotify.com/v1/audio-analysis/4gMgiXfqyzZLMhsksGmbQV
rock,Runaway,Bon Jovi,72,https://api.spotify.com/v1/audio-analysis/0X1sqQ652p1sceKM2nJlIJ
rock,Basket Case,Green Day,80,https://api.spotify.com/v1/audio-analysis/6L89mwZXSOwYl76YXfX13s
rock,Under the Bridge,Red Hot Chili Peppers,82,https://api.spotify.com/v1/audio-analysis/3d9DChrdc6BOeFsbrZ3Is0
rock,White Wedding - Pt. 1,Billy Idol,70,https://api.spotify.com/v1/audio-analysis/1gzIbdFnGJ226LTl0Cn2SX
rock,You Shook Me All Night Long,AC/DC,81,https://api.spotify.com/v1/audio-analysis/2SiXAy7TuUkycRVbbWDEpo
rock,(I Can't Get No) Satisfaction - Mono Version,The Rolling Stones,76,https://api.spotify.com/v1/audio-analysis/2PzU4IB8Dr6mxV3lHuaG34
rock,Starman - 2012 Remaster,David Bowie,76,https://api.spotify.com/v1/audio-analysis/0pQskrTITgmCMyr85tb9qq
rock,Whole Lotta Love - 1990 Remaster,Led Zeppelin,72,https://api.spotify.com/v1/audio-analysis/0hCB0YR03f6AmQaHbwWDe8
rock,Riders on the Storm,The Doors,70,https://api.spotify.com/v1/audio-analysis/14XWXWv5FoCbFzLksawpEe
rock,Even Flow,Pearl Jam,77,https://api.spotify.com/v1/audio-analysis/6QewNVIDKdSl8Y3ycuHIei
rock,Born in the U.S.A.,Bruce Springsteen,72,https://api.spotify.com/v1/audio-analysis/0dOg1ySSI7NkpAe89Zo0b9
rock,Bitter Sweet Symphony - Remastered 2016,The Verve,79,https://api.spotify.com/v1/audio-analysis/57iDDD9N9tTWe75x6qhStw
rock,Don't Cry (Original),Guns N' Roses,75,https://api.spotify.com/v1/audio-analysis/2N2yrmodOnVF10mKvItC9P
rock,All Along the Watchtower,Jimi Hendrix,72,https://api.spotify.com/v1/audio-analysis/2aoo2jlRnM3A0NyLQqMN2f
rock,In The Air Tonight - 2015 Remastered,Phil Collins,76,https://api.spotify.com/v1/audio-analysis/18AXbzPzBS8Y3AkgSxzJPb
rock,Psycho Killer - 2005 Remaster,Talking Heads,76,https://api.spotify.com/v1/audio-analysis/1i6N76fftMZhijOzFQ5ZtL
rock,Are You Gonna Go My Way,Lenny Kravitz,71,https://api.spotify.com/v1/audio-analysis/45Ia1U4KtIjAPPU7Wv1Sea
rock,Master of Puppets (Remastered),Metallica,70,https://api.spotify.com/v1/audio-analysis/54bm2e3tk8cliUz3VSdCPZ
rock,Everywhere - 2017 Remaster,Fleetwood Mac,79,https://api.spotify.com/v1/audio-analysis/254bXAqt3zP6P50BdQvEsq
rock,Have You Ever Seen The Rain,Creedence Clearwater Revival,84,https://api.spotify.com/v1/audio-analysis/2LawezPeJhN4AWuSB0GtAU
rock,Smells Like Teen Spirit,Nirvana,76,https://api.spotify.com/v1/audio-analysis/5ghIJDpPoe3CfHMGu71E6T
rock,Killing In The Name,Rage Against The Machine,78,https://api.spotify.com/v1/audio-analysis/59WN2psjkt1tyaxjspN8fp
rock,Come Together - Remastered 2009,The Beatles,75,https://api.spotify.com/v1/audio-analysis/2EqlS6tkEnglzr7tkKAAYD
rock,Carry on Wayward Son,Kansas,73,https://api.spotify.com/v1/audio-analysis/4DMKwE2E2iYDKY01C335Uw
rock,Song 2 - 2012 Remaster,Blur,78,https://api.spotify.com/v1/audio-analysis/1FTSo4v6BOZH9QxKc3MbVM
rock,Where Is My Mind? - 2007 Remaster,Pixies,76,https://api.spotify.com/v1/audio-analysis/7wCmS9TTVUcIhRalDYFgPy
rock,Should I Stay or Should I Go - Remastered,The Clash,80,https://api.spotify.com/v1/audio-analysis/39shmbIHICJ2Wxnk1fPSdz
rock,Another One Bites The Dust - Remastered 2011,Queen,71,https://api.spotify.com/v1/audio-analysis/57JVGBtBLCfHw2muk5416J
rock,Uprising,Muse,75,https://api.spotify.com/v1/audio-analysis/4VqPOruhp5EdPBeR92t6lQ
rock,For What It's Worth,Buffalo Springfield,76,https://api.spotify.com/v1/audio-analysis/1qRA5BS78u3gME0loMl9AA
rock,Black Hole Sun,Soundgarden,76,https://api.spotify.com/v1/audio-analysis/2EoOZnxNgtmZaD8uUmz2nD
rock,Black Magic Woman - Single Version,Santana,70,https://api.spotify.com/v1/audio-analysis/4YMQXzscifAREG0a7KNGhB
rock,Fly Away,Lenny Kravitz,73,https://api.spotify.com/v1/audio-analysis/1OxcIUqVmVYxT6427tbhDW
rock,Message In A Bottle,The Police,75,https://api.spotify.com/v1/audio-analysis/1oYYd2gnWZYrt89EBXdFiO
rock,Heroes - 2017 Remaster,David Bowie,72,https://api.spotify.com/v1/audio-analysis/7Jh1bpe76CNTCgdgAdBw4Z
rock,Immigrant Song - Remaster,Led Zeppelin,75,https://api.spotify.com/v1/audio-analysis/78lgmZwycJ3nzsdgmPPGNx
rock,Mr. Blue Sky,Electric Light Orchestra,76,https://api.spotify.com/v1/audio-analysis/2RlgNHKcydI9sayD2Df2xp
rock,Back In Black,AC/DC,83,https://api.spotify.com/v1/audio-analysis/08mG3Y1vljYA6bvDt4Wqkj
rock,Barracuda,Heart,74,https://api.spotify.com/v1/audio-analysis/4KfSdst7rW39C0sfhArdrz
rock,"Rocket Man (I Think It's Going To Be A Long, Long Time)",Elton John,79,https://api.spotify.com/v1/audio-analysis/3gdewACMIVMEWVbyb8O9sY
rock,Heart-Shaped Box,Nirvana,79,https://api.spotify.com/v1/audio-analysis/11LmqTE2naFULdEP94AUBa
rock,Africa,TOTO,83,https://api.spotify.com/v1/audio-analysis/2374M0fQpWi3dLnB54qaLX
rock,(Don't Fear) The Reaper,Blue Ã–yster Cult,75,https://api.spotify.com/v1/audio-analysis/5QTxFnGygVM4jFQiBovmRo
rock,1979 - Remastered 2012,The Smashing Pumpkins,77,https://api.spotify.com/v1/audio-analysis/5QLHGv0DfpeXLNFo7SFEy1
rock,Comfortably Numb,Pink Floyd,71,https://api.spotify.com/v1/audio-analysis/5HNCy40Ni5BZJFw1TKzRsC
rock,American Pie,Don McLean,74,https://api.spotify.com/v1/audio-analysis/1fDsrQ23eTAVFElUMaf38X
rock,Roxanne,The Police,77,https://api.spotify.com/v1/audio-analysis/3EYOJ48Et32uATr9ZmLnAo
rock,Walk On the Wild Side,Lou Reed,74,https://api.spotify.com/v1/audio-analysis/5p3JunprHCxClJjOmcLV8G
rock,The Boys Are Back In Town,Thin Lizzy,70,https://api.spotify.com/v1/audio-analysis/43DeSV93pJPT4lCZaWZ6b1
rock,Highway to Hell,AC/DC,84,https://api.spotify.com/v1/audio-analysis/2zYzyRzz6pRmhPzyfMEC8s
rock,Vienna,Billy Joel,79,https://api.spotify.com/v1/audio-analysis/4U45aEWtQhrm8A5mxPaFZ7
rock,Alive,Pearl Jam,73,https://api.spotify.com/v1/audio-analysis/1L94M3KIu7QluZe63g64rv
rock,Give It Away,Red Hot Chili Peppers,72,https://api.spotify.com/v1/audio-analysis/0uppYCG86ajpV2hSR3dJJ0
rock,Good Riddance (Time of Your Life),Green Day,79,https://api.spotify.com/v1/audio-analysis/6ORqU0bHbVCRjXm9AjyHyZ
rock,The Boys Of Summer,Don Henley,73,https://api.spotify.com/v1/audio-analysis/4gvea7UlDkAvsJBPZAd4oB
rock,Break on Through (To the Other Side),The Doors,72,https://api.spotify.com/v1/audio-analysis/6ToM0uwxtPKo9CMpbPGYvM
rock,Sabotage,Beastie Boys,71,https://api.spotify.com/v1/audio-analysis/0Puj4YlTm6xNzDDADXHMI9
rock,Pour Some Sugar On Me - Remastered 2017,Def Leppard,72,https://api.spotify.com/v1/audio-analysis/0PdM2a6oIjqepoEfcJo0RO
rock,Learn to Fly,Foo Fighters,73,https://api.spotify.com/v1/audio-analysis/5OQsiBsky2k2kDKy2bX2eT
rock,Hit Me With Your Best Shot,Pat Benatar,70,https://api.spotify.com/v1/audio-analysis/0vOkmmJEtjuFZDzrQSFzEE
rock,Bullet With Butterfly Wings - Remastered 2012,The Smashing Pumpkins,73,https://api.spotify.com/v1/audio-analysis/6GtX0jaNL8IjVQfrDBx81z
rock,Interstate Love Song - 2019 Remaster,Stone Temple Pilots,72,https://api.spotify.com/v1/audio-analysis/6qLEOZvf5gI7kWE63JE7p3
rock,London Calling - Remastered,The Clash,70,https://api.spotify.com/v1/audio-analysis/5jzma6gCzYtKB1DbEwFZKH
rock,Wish You Were Here,Pink Floyd,75,https://api.spotify.com/v1/audio-analysis/6mFkJmJqdDVQ1REhVfGgd1
rock,Free Fallin',Tom Petty,75,https://api.spotify.com/v1/audio-analysis/5tVA6TkbaAH9QMITTQRrNv
rock,No Rain,Blind Melon,73,https://api.spotify.com/v1/audio-analysis/6txWz9UapYHVxEd7dDIHXT
rock,Panama - 2015 Remaster,Van Halen,72,https://api.spotify.com/v1/audio-analysis/05RgAMGypEvqhNs5hPCbMS
rock,Would? (2022 Remaster),Alice In Chains,72,https://api.spotify.com/v1/audio-analysis/5sFDReWLrZHLFZFjHsjUTS
rock,Born to Run,Bruce Springsteen,70,https://api.spotify.com/v1/audio-analysis/6hTcuIQa0sxrrByu9wTD7s
hip-hop,"Sticky (feat. GloRilla, Sexyy Red & Lil Wayne)","Tyler, The Creator, GloRilla, Sexyy Red, Lil Wayne",88,https://api.spotify.com/v1/audio-analysis/3tFed7YsjGnIfxeLEQwx3R
hip-hop,HIM ALL ALONG,Gunna,76,https://api.spotify.com/v1/audio-analysis/2EKL77lwxvo615Ga7VjEUl
hip-hop,Leave Me Alone,BigXthaPlug,71,https://api.spotify.com/v1/audio-analysis/4CkbpelT92r4dVkceDX9g1
hip-hop,PLUTOSKI,Future,73,https://api.spotify.com/v1/audio-analysis/2t4H61OtTYgmDe61KxkjKH
hip-hop,Timeless (with Playboi Carti),"The Weeknd, Playboi Carti",92,https://api.spotify.com/v1/audio-analysis/1Es7AUAhQvapIcoh3qMKDL
hip-hop,WHATCHU KNO ABOUT ME (feat. Sexyy Red),"GloRilla, Sexyy Red",78,https://api.spotify.com/v1/audio-analysis/5xeSd4HgzrYpNLEf3LfYLK
hip-hop,Insecurities,Lil Baby,70,https://api.spotify.com/v1/audio-analysis/6afQ4fJDJ9QqU5BKIH99Ej
hip-hop,Gang Baby,NLE Choppa,72,https://api.spotify.com/v1/audio-analysis/76Ku9OBFK1NjMylR8r4WLK
hip-hop,NEW DROP,Don Toliver,85,https://api.spotify.com/v1/audio-analysis/2c7z5oRcPBbqRaBY2mLWcf
hip-hop,Help Me,Real Boston Richey,73,https://api.spotify.com/v1/audio-analysis/487JCvAXVblflZyDJn3fSp
hip-hop,No Face,Drake,78,https://api.spotify.com/v1/audio-analysis/1560osUcXrnov6yuOjXvc1
hip-hop,LIL DEMON,Future,77,https://api.spotify.com/v1/audio-analysis/3aCPResPDNae3pXTocGpYe
hip-hop,Sorry Not Sorry,"Lil Yachty, Veeze",70,https://api.spotify.com/v1/audio-analysis/4lwfqyQXSDJ7kELpMErMih
hip-hop,ALL RED,Playboi Carti,81,https://api.spotify.com/v1/audio-analysis/2cZOYofOX4d6g0OXxkaIjA
hip-hop,I CANâ€™T LET GO,"Lil Tecca, Don Toliver",73,https://api.spotify.com/v1/audio-analysis/1Ftb0PK0Qqwax3gofiMd2X
hip-hop,Chill Bae,Lil Uzi Vert,76,https://api.spotify.com/v1/audio-analysis/4ppKM7xnkSAwSyKqD4QTY4
hip-hop,It's Up (feat. Young Thug & 21 Savage),"Drake, Young Thug, 21 Savage",76,https://api.spotify.com/v1/audio-analysis/1qIwin7JMVuX70qN6wD8ww
hip-hop,Brokey,Latto,70,https://api.spotify.com/v1/audio-analysis/1JF8LkQWZ8grXb2emqrNKn
hip-hop,25,Rod Wave,76,https://api.spotify.com/v1/audio-analysis/0U60hgxzGit7juEuHul2y3
hip-hop,Or What,"NLE Choppa, 41, Kyle Richh",77,https://api.spotify.com/v1/audio-analysis/3lUYO6zvXI88sNDpyKvIJ2
hip-hop,Type Shit,"Future, Metro Boomin, Travis Scott, Playboi Carti",84,https://api.spotify.com/v1/audio-analysis/28drn6tQo95MRvO0jQEo5C
hip-hop,Not Like Us,Kendrick Lamar,88,https://api.spotify.com/v1/audio-analysis/6AI3ezQ4o3HUoP6Dhudph3
hip-hop,Thought I Was Dead (feat. ScHoolboy Q & Santigold),"Tyler, The Creator, ScHoolboy Q, Santigold",85,https://api.spotify.com/v1/audio-analysis/2aYHxnMF2umAavtgBvmkY1
hip-hop,FIELD TRIP,"Â¥$, Playboi Carti, Don Toliver, Kodak Black",72,https://api.spotify.com/v1/audio-analysis/3lCb7ZYE3Fvie4JOPqpXfY
hip-hop,TEFLON DON,Future,74,https://api.spotify.com/v1/audio-analysis/2jnezASa7o0lP6aif6VrIf
hip-hop,Circadian Rhythm,Drake,79,https://api.spotify.com/v1/audio-analysis/1eroCliWpJrEu1V7VSObcO
hip-hop,Light Year (Practice),Lil Uzi Vert,73,https://api.spotify.com/v1/audio-analysis/3NE6g9h77FZbQqCLzUpGRt
hip-hop,Rah Tah Tah,"Tyler, The Creator",87,https://api.spotify.com/v1/audio-analysis/5RePVWy39tLpHH0WwXgBsK
hip-hop,Both Ways,Juice WRLD,73,https://api.spotify.com/v1/audio-analysis/2FRc9wqgIjg2E3bH13ww6U
hip-hop,NISSAN ALTIMA,Doechii,72,https://api.spotify.com/v1/audio-analysis/2dKkVF2m160z0RNDN2dddc
hip-hop,Tailor Swif,A$AP Rocky,74,https://api.spotify.com/v1/audio-analysis/5xMjhZKSo8yh5r9b5vrYRr
hip-hop,GEEK TIMÃ‹,Yeat,72,https://api.spotify.com/v1/audio-analysis/32ioWMgkyA6mFcXJMggBoz
hip-hop,Many Men (Wish Death),50 Cent,71,https://api.spotify.com/v1/audio-analysis/2I9foKseoFQh07p6sD2voE
hip-hop,Not Like Us,Kendrick Lamar,88,https://api.spotify.com/v1/audio-analysis/6AI3ezQ4o3HUoP6Dhudph3
hip-hop,BAND4BAND (feat. Lil Baby),"Central Cee, Lil Baby",81,https://api.spotify.com/v1/audio-analysis/7iabz12vAuVQYyekFIWJxD
hip-hop,Type Shit,"Future, Metro Boomin, Travis Scott, Playboi Carti",84,https://api.spotify.com/v1/audio-analysis/28drn6tQo95MRvO0jQEo5C
hip-hop,Dior,Pop Smoke,76,https://api.spotify.com/v1/audio-analysis/79s5XnCN4TJKTVMSmOx8Ep
hip-hop,SAY MY GRACE (feat. Travis Scott),"Offset, Travis Scott",70,https://api.spotify.com/v1/audio-analysis/2Gk6fi0dqt91NKvlzGsmm7
hip-hop,Superhero (Heroes & Villains) [with Future & Chris Brown],"Metro Boomin, Future, Chris Brown",79,https://api.spotify.com/v1/audio-analysis/0vjeOZ3Ft5jvAi9SBFJm1j
hip-hop,Took Her To The O,King Von,78,https://api.spotify.com/v1/audio-analysis/7fEoXCZTZFosUFvFQg1BmW
hip-hop,Loading,Central Cee,70,https://api.spotify.com/v1/audio-analysis/4vzJrkfHbCGaodPA5RY5BV
hip-hop,nÃ©e-nah,"21 Savage, Travis Scott, Metro Boomin",73,https://api.spotify.com/v1/audio-analysis/2yUzr8Sr6ldG8vmHhZwTnz
hip-hop,Love Sosa,Chief Keef,77,https://api.spotify.com/v1/audio-analysis/01Lr5YepbgjXAWR9iOEyH1
hip-hop,Drankin N Smokin,"Future, Lil Uzi Vert",70,https://api.spotify.com/v1/audio-analysis/0k7wmahjkn389wAZdz19Cv
hip-hop,Invincible,Pop Smoke,71,https://api.spotify.com/v1/audio-analysis/792HwhrdO3ErRKL5yRe4Ge
hip-hop,Mr. Glock,Key Glock,70,https://api.spotify.com/v1/audio-analysis/1ipSpQfzBbhPFhYm6tfVIz
hip-hop,Runnin,"21 Savage, Metro Boomin",78,https://api.spotify.com/v1/audio-analysis/5SWnsxjhdcEDc7LJjq9UHk
hip-hop,Armed & Dangerous,King Von,72,https://api.spotify.com/v1/audio-analysis/2297mxrYLBAC4XkhXs39If
hip-hop,Coffin,Lil Yachty,70,https://api.spotify.com/v1/audio-analysis/5vDNippoMr52KpXBO9b9KQ
hip-hop,Wants and Needs (feat. Lil Baby),"Drake, Lil Baby",73,https://api.spotify.com/v1/audio-analysis/65OVbaJR5O1RmwOQx0875b
hip-hop,Jimmy Cooks (feat. 21 Savage),"Drake, 21 Savage",80,https://api.spotify.com/v1/audio-analysis/3F5CgOj3wFlRv51JsHbxhe
hip-hop,"Crazy Story, Pt. 3",King Von,75,https://api.spotify.com/v1/audio-analysis/23TwR29GSeJBfXnXhmDlwR
hip-hop,Pure Cocaine,Lil Baby,77,https://api.spotify.com/v1/audio-analysis/577YBGuskWkVDCxZrLRB4v
hip-hop,Ambition For Cash,Key Glock,73,https://api.spotify.com/v1/audio-analysis/4mIHgQ3ofK2RK34UdbqMbe
hip-hop,family ties (with Kendrick Lamar),"Baby Keem, Kendrick Lamar",79,https://api.spotify.com/v1/audio-analysis/3QFInJAm9eyaho5vBzxInN
hip-hop,Glock In My Lap,"21 Savage, Metro Boomin",80,https://api.spotify.com/v1/audio-analysis/6pcywuOeGGWeOQzdUyti6k
hip-hop,Run It Up (feat. Offset & Moneybagg Yo),"Lil Tjay, Offset, Moneybagg Yo",71,https://api.spotify.com/v1/audio-analysis/1dg3qy5DjoJodawfOCgrTP
hip-hop,EVERY CHANCE I GET (feat. Lil Baby & Lil Durk),"DJ Khaled, Lil Baby, Lil Durk",70,https://api.spotify.com/v1/audio-analysis/1EJIcDYXwSqipW5dFe4uJz
hip-hop,Mask Off,Future,81,https://api.spotify.com/v1/audio-analysis/0VgkVdmE4gld66l8iyGjgx
hip-hop,On Me,Lil Baby,70,https://api.spotify.com/v1/audio-analysis/4Iedi94TIaB2GGb1nMB68v
hip-hop,N95,Kendrick Lamar,75,https://api.spotify.com/v1/audio-analysis/0fX4oNGBWO3dSGUZcVdVV2
hip-hop,Rich Nigga Shit (feat. Young Thug),"21 Savage, Metro Boomin, Young Thug",75,https://api.spotify.com/v1/audio-analysis/3ruoIF2UnoXdzK8mR61ebq
hip-hop,Surround Sound (feat. 21 Savage & Baby Tate),"JID, 21 Savage, Baby Tate",78,https://api.spotify.com/v1/audio-analysis/1udwFobQ1JoOdWPQrp2b6u
hip-hop,Mask Off,Future,81,https://api.spotify.com/v1/audio-analysis/0VgkVdmE4gld66l8iyGjgx
hip-hop,Imagina esse CenÃ¡rio,"MatuÃª, Veigh",75,https://api.spotify.com/v1/audio-analysis/2fjqfFUq64thFsqfKN01kS
hip-hop,Yes Indeed,"Lil Baby, Drake",75,https://api.spotify.com/v1/audio-analysis/6vN77lE9LK6HP2DewaN6HZ
hip-hop,Wake Up & Bake Up,"Duki, Wiz Khalifa, ArcÃ¡ngel",72,https://api.spotify.com/v1/audio-analysis/7MBHncxZXB7fzf5cAx8C05
hip-hop,Diablita (feat. Anuel AA & Baby Rasta),"Trap Capos, Noriel, Anuel AA, Baby Rasta",70,https://api.spotify.com/v1/audio-analysis/62NeZ2Vtrz5HgtQibleMNs
hip-hop,Love Sosa,Chief Keef,77,https://api.spotify.com/v1/audio-analysis/01Lr5YepbgjXAWR9iOEyH1
hip-hop,Bad and Boujee (feat. Lil Uzi Vert),"Migos, Lil Uzi Vert",70,https://api.spotify.com/v1/audio-analysis/0M9ydKzuF3oZTfYYPfaGX1
hip-hop,That Go! (feat. T-Shyne),"Young Stoner Life, Young Thug, Meek Mill, T-Shyne",72,https://api.spotify.com/v1/audio-analysis/6rUmUJ2drFemHTH73bFAKQ
hip-hop,Like That,"Future, Metro Boomin, Kendrick Lamar",83,https://api.spotify.com/v1/audio-analysis/2tudvzsrR56uom6smgOcSf
hip-hop,Castlevania,MatuÃª,70,https://api.spotify.com/v1/audio-analysis/3Kh5a6vXMiJtC35jMEfmyy
hip-hop,We Paid (feat. 42 Dugg),"Lil Baby, 42 Dugg",70,https://api.spotify.com/v1/audio-analysis/6gxKUmycQX7uyMwJcweFjp
hip-hop,Brindis,"Duki, Headie One",73,https://api.spotify.com/v1/audio-analysis/1Bb422wJR14f7sA77gGs0V
hip-hop,Pa Ti,"Bad Bunny, Bryant Myers",72,https://api.spotify.com/v1/audio-analysis/2QrGCbW0ylj94JfkgLZFlA
hip-hop,Amigos y Enemigos (feat. Bad Bunny & Almighty) - Remix,"Trap Capos, Noriel, Bad Bunny, Almighty",70,https://api.spotify.com/v1/audio-analysis/2sA4woGW5KgEgGXXxOKPAZ
hip-hop,Nena MaldiciÃ³n (feat. Lenny TavÃ¡rez),"Paulo Londra, Lenny TavÃ¡rez",73,https://api.spotify.com/v1/audio-analysis/77dMSg2VHi2wwXjXNrmcrZ
hip-hop,PUFFIN ON ZOOTIEZ,Future,77,https://api.spotify.com/v1/audio-analysis/1qMMYpVatbRITKCfq1gasi
hip-hop,1993,MatuÃª,73,https://api.spotify.com/v1/audio-analysis/6QsHhB0W9GtLF3cI7mUVkQ
hip-hop,Going Bad (feat. Drake),"Meek Mill, Drake",74,https://api.spotify.com/v1/audio-analysis/2IRZnDFmlqMuOrYOLnZZyc
hip-hop,Un DÃ­a MÃ¡s,"Duki, YSY A",71,https://api.spotify.com/v1/audio-analysis/2m3v40xGeLVqnQvAwx5rdi
hip-hop,CANZONE D'ODIO (feat. Lil Baby),"Lazza, Lil Baby",73,https://api.spotify.com/v1/audio-analysis/4CNfC20TImtjdwN3dG0uCF
hip-hop,Solo,Future,80,https://api.spotify.com/v1/audio-analysis/4lH6nENd1y81jp7Yt9lTBX
hip-hop,Superhero (Heroes & Villains) [with Future & Chris Brown],"Metro Boomin, Future, Chris Brown",79,https://api.spotify.com/v1/audio-analysis/0vjeOZ3Ft5jvAi9SBFJm1j
hip-hop,Maturidade,"KayBlack, Wall Hein, AMUSIK",70,https://api.spotify.com/v1/audio-analysis/5RHOhXxMVhpEaBcG6hIydA
hip-hop,Problemas de um MilionÃ¡rio,"WIU, Teto",70,https://api.spotify.com/v1/audio-analysis/0VybBobSYSzliyEJ1VqwGR
hip-hop,BOOKER T,Bad Bunny,72,https://api.spotify.com/v1/audio-analysis/26w9NTiE9NGjW1ZvIOd1So
hip-hop,SICKO MODE,Travis Scott,81,https://api.spotify.com/v1/audio-analysis/2xLMifQCjDGFmkHkpNLD9h
hip-hop,Too Many Nights (feat. Don Toliver & with Future),"Metro Boomin, Future, Don Toliver",82,https://api.spotify.com/v1/audio-analysis/2Hh3ETdQKrmSI3QS0hme7g
hip-hop,Me Ama Me Odia,"Revol, Ozuna, Cosculluela, ArcÃ¡ngel, Brytiago",71,https://api.spotify.com/v1/audio-analysis/6TZXBJLTIOX6DM6hwCsKw2
rock,505,Arctic Monkeys,84,https://api.spotify.com/v1/audio-analysis/0BxE4FqsDD1Ot4YuBXwAPp
rock,Instant Crush (feat. Julian Casablancas),"Daft Punk, Julian Casablancas",74,https://api.spotify.com/v1/audio-analysis/2cGxRwrMyEAp8dEbuZaVv6
rock,Are You Gonna Be My Girl,Jet,72,https://api.spotify.com/v1/audio-analysis/305WCRhhS10XUcH6AEwZk6
rock,Time to Pretend,MGMT,73,https://api.spotify.com/v1/audio-analysis/4iG2gAwKXsOcijVaVXzRPW
rock,Feel It Still,Portugal. The Man,81,https://api.spotify.com/v1/audio-analysis/6QgjcU0zLnzq5OrUoSZ3OK
rock,misses,Dominic Fike,80,https://api.spotify.com/v1/audio-analysis/6WTFHKrnZpwEBLRS10Ylqs
rock,Too Sweet,Hozier,79,https://api.spotify.com/v1/audio-analysis/3HMY0r2BAdpasXMY8rseR0
rock,Wasted Summers,juju<3,78,https://api.spotify.com/v1/audio-analysis/43MifzVnh8W3jJN0xqU9jR
rock,Feel It - From The Original Series â€œInvincibleâ€,d4vd,78,https://api.spotify.com/v1/audio-analysis/3SAga35lAPYdjj3qyfEsCF
rock,The Adults Are Talking,The Strokes,77,https://api.spotify.com/v1/audio-analysis/5ruzrDWcT0vuJIOMW7gMnW
rock,3 Nights,Dominic Fike,77,https://api.spotify.com/v1/audio-analysis/0uI7yAKUf52Cn7y3sYyjiX
rock,This Charming Man - 2011 Remaster,The Smiths,77,https://api.spotify.com/v1/audio-analysis/1FvDJ9KGxcqwv1utyPL3JZ
rock,Oysters In My Pocket,Royel Otis,76,https://api.spotify.com/v1/audio-analysis/2B664ulJSVBd6B8SAY3Wux
rock,Fluorescent Adolescent,Arctic Monkeys,76,https://api.spotify.com/v1/audio-analysis/2x8evxqUlF0eRabbW2JBJd
rock,You Get What You Give,New Radicals,74,https://api.spotify.com/v1/audio-analysis/1Cwsd5xI8CajJz795oy4XF
rock,THE SHADE,Rex Orange County,74,https://api.spotify.com/v1/audio-analysis/1gH1h30wkQdd9zhY3j7a8T
rock,Time to Pretend,MGMT,73,https://api.spotify.com/v1/audio-analysis/4iG2gAwKXsOcijVaVXzRPW
rock,Vampire Empire,Big Thief,73,https://api.spotify.com/v1/audio-analysis/0ToG55iJZCOzZkcpWbXxpW
rock,Her,The American Dawn,73,https://api.spotify.com/v1/audio-analysis/2vlkTkPqdATznKHu9gD2c1
rock,Not Strong Enough,"boygenius, Julien Baker, Phoebe Bridgers, Lucy Dacus",72,https://api.spotify.com/v1/audio-analysis/09DR0sHnQUhHOiSNttc1mv
rock,Hell N Back,Bakar,71,https://api.spotify.com/v1/audio-analysis/3NRql0A1Ef4RCvT473iqgD
rock,Ghostride,Crumb,71,https://api.spotify.com/v1/audio-analysis/0R3TWpoxAhT3HDXM7tpRzS
metal,Master Of Puppets,Metallica,75,https://api.spotify.com/v1/audio-analysis/2MuWTIM3b0YEAskbeeFE1i
metal,The Trooper - 2015 Remaster,Iron Maiden,71,https://api.spotify.com/v1/audio-analysis/4OROzZUy6gOWN4UGQVaZMF
metal,Walk,Pantera,73,https://api.spotify.com/v1/audio-analysis/7fcfNW0XxTWlwVlftzfDOR
metal,Chop Suey!,System Of A Down,83,https://api.spotify.com/v1/audio-analysis/2DlHlPMa4M17kufBvI2lEN
metal,One,Metallica,72,https://api.spotify.com/v1/audio-analysis/5IX4TbIR5mMHGE4wiWwKW0
metal,Cowboys from Hell,Pantera,71,https://api.spotify.com/v1/audio-analysis/2SgbR6ttzoNlCRGQOKjrop
metal,Duality,Slipknot,80,https://api.spotify.com/v1/audio-analysis/61mWefnWQOLf90gepjOCb3
metal,Enter Sandman,Metallica,79,https://api.spotify.com/v1/audio-analysis/5sICkBXVmaCQk5aISGR3x1
metal,Hail to the King,Avenged Sevenfold,75,https://api.spotify.com/v1/audio-analysis/5anCkDvJ17aznvK5TED5uo
metal,Freak On a Leash,Korn,77,https://api.spotify.com/v1/audio-analysis/6W21LNLz9Sw7sUSNWMSHRu
metal,Dragula,Rob Zombie,77,https://api.spotify.com/v1/audio-analysis/6Nm8h73ycDG2saCnZV8poF
metal,Nightmare,Avenged Sevenfold,70,https://api.spotify.com/v1/audio-analysis/4UEo1b0wWrtHMC8bVqPiH8
metal,My Own Summer (Shove It),Deftones,77,https://api.spotify.com/v1/audio-analysis/1158ckiB5S4cpsdYHDB9IF
hip-hop,"Nuthin' But A ""G"" Thang","Dr. Dre, Snoop Dogg",76,https://api.spotify.com/v1/audio-analysis/5Tbpp3OLLClPJF8t1DmrFD
hip-hop,Still D.R.E.,"Dr. Dre, Snoop Dogg",81,https://api.spotify.com/v1/audio-analysis/503OTo2dSqe7qk76rgsbep
hip-hop,Hypnotize - 2014 Remaster,The Notorious B.I.G.,78,https://api.spotify.com/v1/audio-analysis/7KwZNVEaqikRSBSpyhXK2j
hip-hop,Doo Wop (That Thing),Ms. Lauryn Hill,74,https://api.spotify.com/v1/audio-analysis/0uEp9E98JB5awlA084uaIg
hip-hop,Do For Love,2Pac,74,https://api.spotify.com/v1/audio-analysis/4AE7Lj39VnSZNOmGH2iZaq
hip-hop,"Shook Ones, Pt. II",Mobb Deep,74,https://api.spotify.com/v1/audio-analysis/33ZXjLCpiINn8eQIDYEPTD
hip-hop,I Got 5 On It,"Luniz, Michael Marshall",73,https://api.spotify.com/v1/audio-analysis/4IYKjN1DrYzxKXt0umJqsG
hip-hop,Still Not a Player (feat. Joe) - Radio Version,"Big Pun, Joe",72,https://api.spotify.com/v1/audio-analysis/3GKL13lkM5nRc4zC1lIOrR
hip-hop,Juicy - 2005 Remaster,The Notorious B.I.G.,73,https://api.spotify.com/v1/audio-analysis/5ByAIlEEnxYdvpnezg7HTX
hip-hop,"Nuthin' But A ""G"" Thang","Dr. Dre, Snoop Dogg",76,https://api.spotify.com/v1/audio-analysis/5Tbpp3OLLClPJF8t1DmrFD
hip-hop,C.R.E.A.M. (Cash Rules Everything Around Me),Wu-Tang Clan,72,https://api.spotify.com/v1/audio-analysis/119c93MHjrDLJTApCVGpvx
hip-hop,Insane in the Brain,Cypress Hill,70,https://api.spotify.com/v1/audio-analysis/1oTHteQbmJw15rPxPVXUTv
hip-hop,ATLiens,Outkast,70,https://api.spotify.com/v1/audio-analysis/2vfvGlqCB7oertO5VLE0sz
hip-hop,N.Y. State of Mind,Nas,70,https://api.spotify.com/v1/audio-analysis/0trHOzAhNpGCsGBEu7dOJo
hip-hop,Mo Money Mo Problems (feat. Puff Daddy & Mase) - 2014 Remaster,"The Notorious B.I.G., Mase, Diddy",72,https://api.spotify.com/v1/audio-analysis/4INDiWSKvqSKDEu7mh8HFz
rock,You Shook Me All Night Long,AC/DC,81,https://api.spotify.com/v1/audio-analysis/2SiXAy7TuUkycRVbbWDEpo
rock,Everybody Wants To Rule The World,Tears For Fears,85,https://api.spotify.com/v1/audio-analysis/4RvWPyQ5RL0ao9LPZeSouE
rock,Don't Stop Believin',Journey,72,https://api.spotify.com/v1/audio-analysis/77NNZQSqzLNqh2A9JhLRkg
rock,Africa,TOTO,83,https://api.spotify.com/v1/audio-analysis/2374M0fQpWi3dLnB54qaLX
rock,Back In Black,AC/DC,83,https://api.spotify.com/v1/audio-analysis/08mG3Y1vljYA6bvDt4Wqkj
rock,Dancing In the Dark,Bruce Springsteen,82,https://api.spotify.com/v1/audio-analysis/7FwBtcecmlpc1sLySPXeGE
rock,You Give Love A Bad Name,Bon Jovi,81,https://api.spotify.com/v1/audio-analysis/0rmGAIH9LNJewFw7nKzZnc
rock,Summer Of '69,Bryan Adams,80,https://api.spotify.com/v1/audio-analysis/0GONea6G2XdnHWjNZd6zt3
rock,Should I Stay or Should I Go - Remastered,The Clash,80,https://api.spotify.com/v1/audio-analysis/39shmbIHICJ2Wxnk1fPSdz
rock,Under Pressure - Remastered 2011,"Queen, David Bowie",79,https://api.spotify.com/v1/audio-analysis/2fuCquhmrzHpu5xcA1ci9x
rock,I Love Rock 'N Roll,Joan Jett & the Blackhearts,77,https://api.spotify.com/v1/audio-analysis/2Cdvbe2G4hZsnhNMKyGrie
rock,Start Me Up - Remastered 2009,The Rolling Stones,76,https://api.spotify.com/v1/audio-analysis/7HKez549fwJQDzx3zLjHKC
rock,Jump - 2015 Remaster,Van Halen,75,https://api.spotify.com/v1/audio-analysis/7N3PAbqfTjSEU1edb2tY8j
rock,Free Fallin',Tom Petty,75,https://api.spotify.com/v1/audio-analysis/5tVA6TkbaAH9QMITTQRrNv
rock,The Final Countdown,Europe,74,https://api.spotify.com/v1/audio-analysis/3MrRksHupTVEQ7YbA0FsZK
rock,Hells Bells,AC/DC,73,https://api.spotify.com/v1/audio-analysis/69QHm3pustz01CJRwdo20z
rock,Every Little Thing She Does Is Magic,The Police,73,https://api.spotify.com/v1/audio-analysis/44aTAUBF0g6sMkMNE8I5kd
rock,The Boys Of Summer,Don Henley,73,https://api.spotify.com/v1/audio-analysis/4gvea7UlDkAvsJBPZAd4oB
rock,Heroes - 2017 Remaster,David Bowie,72,https://api.spotify.com/v1/audio-analysis/7Jh1bpe76CNTCgdgAdBw4Z
rock,Born in the U.S.A.,Bruce Springsteen,72,https://api.spotify.com/v1/audio-analysis/0dOg1ySSI7NkpAe89Zo0b9
rock,I Won't Back Down,Tom Petty,73,https://api.spotify.com/v1/audio-analysis/7gSQv1OHpkIoAdUiRLdmI6
rock,Pour Some Sugar On Me - Remastered 2017,Def Leppard,72,https://api.spotify.com/v1/audio-analysis/0PdM2a6oIjqepoEfcJo0RO
rock,Wanted Dead Or Alive,Bon Jovi,72,https://api.spotify.com/v1/audio-analysis/0oerlffJSzhRVvtDfLcp3N
rock,Panama - 2015 Remaster,Van Halen,72,https://api.spotify.com/v1/audio-analysis/05RgAMGypEvqhNs5hPCbMS
rock,Run To You,Bryan Adams,71,https://api.spotify.com/v1/audio-analysis/2RWFncSWZEhSRRifqiDNVV
rock,Rock the Casbah - Remastered,The Clash,71,https://api.spotify.com/v1/audio-analysis/56KqaFSGTb7ifpt16t5Y1N
rock,The Trooper - 2015 Remaster,Iron Maiden,71,https://api.spotify.com/v1/audio-analysis/4OROzZUy6gOWN4UGQVaZMF
rock,Another One Bites The Dust - Remastered 2011,Queen,71,https://api.spotify.com/v1/audio-analysis/57JVGBtBLCfHw2muk5416J
rock,Hungry Like the Wolf - 2009 Remaster,Duran Duran,71,https://api.spotify.com/v1/audio-analysis/39lSeqnyjZJejRuaREfyLL
rock,How Soon Is Now? - 2011 Remaster,The Smiths,71,https://api.spotify.com/v1/audio-analysis/1YrnDTqvcnUKxAIeXyaEmU
rock,Shout,Tears For Fears,71,https://api.spotify.com/v1/audio-analysis/2gQaQUhDCNGfBVXTvxAmXQ
rock,Runaway,Bon Jovi,72,https://api.spotify.com/v1/audio-analysis/0X1sqQ652p1sceKM2nJlIJ
rock,Separate Ways (Worlds Apart) [2023 Remaster],Journey,70,https://api.spotify.com/v1/audio-analysis/1pTw2cNrp9L3esxLAvWnN2
rock,Glory Days,Bruce Springsteen,70,https://api.spotify.com/v1/audio-analysis/2Y90nL1ohB4sgYELDs7uNx
rock,Hit Me With Your Best Shot,Pat Benatar,70,https://api.spotify.com/v1/audio-analysis/0vOkmmJEtjuFZDzrQSFzEE
hip-hop,SPIDER,"GIMS, DYSTINCT",74,https://api.spotify.com/v1/audio-analysis/2fFTn0f94EopgZyfSGQuyK
hip-hop,Bolide Noir,"Central Cee, JRK 19",70,https://api.spotify.com/v1/audio-analysis/14DLZ9FaTofhnXBiV38axE
pop,Die With A Smile,"Lady Gaga, Bruno Mars",100,https://api.spotify.com/v1/audio-analysis/2plbrEY59IikOBgBGLjaoe
pop,APT.,"ROSÃ‰, Bruno Mars",98,https://api.spotify.com/v1/audio-analysis/5vNRhkKd0yEAg8suGBpjeY
pop,BIRDS OF A FEATHER,Billie Eilish,97,https://api.spotify.com/v1/audio-analysis/6dOtVTDdiauQNBQEDOtlAB
pop,Thatâ€™s So True,Gracie Abrams,93,https://api.spotify.com/v1/audio-analysis/7ne4VBA60CxGM75vw0EYad
pop,Who,Jimin,92,https://api.spotify.com/v1/audio-analysis/7tI8dRuH2Yc6RuoTjxo4dU
pop,Running Wild,Jin,71,https://api.spotify.com/v1/audio-analysis/50zAEIE4B1QqhPjRMK2Xmh
pop,Sailor Song,Gigi Perez,93,https://api.spotify.com/v1/audio-analysis/2262bWmqomIaJXwCRHr13j
pop,Taste,Sabrina Carpenter,93,https://api.spotify.com/v1/audio-analysis/5G2f63n7IPVPPjfNIGih7Q
pop,Tu Boda,"Oscar Maydon, Fuerza Regida",93,https://api.spotify.com/v1/audio-analysis/1cOboCuWYI2osTOfolMRS6
pop,WILDFLOWER,Billie Eilish,93,https://api.spotify.com/v1/audio-analysis/3QaPy1KgI7nu9FJEQUgn6h
pop,Espresso,Sabrina Carpenter,88,https://api.spotify.com/v1/audio-analysis/2HRqTpkrJO5ggZyyK6NPWz
pop,Timeless (with Playboi Carti),"The Weeknd, Playboi Carti",92,https://api.spotify.com/v1/audio-analysis/1Es7AUAhQvapIcoh3qMKDL
pop,"Good Luck, Babe!",Chappell Roan,94,https://api.spotify.com/v1/audio-analysis/0WbMK4wrZ1wFSty9F7FCgu
pop,QuÃ© PasarÃ­a...,"Rauw Alejandro, Bad Bunny",82,https://api.spotify.com/v1/audio-analysis/0l0vcZMU7AOeQmUIREoI2U
pop,All I Want for Christmas Is You,Mariah Carey,87,https://api.spotify.com/v1/audio-analysis/0bYg9bo50gSsH3LtXe2SQn
pop,Last Christmas - Single Version,Wham!,72,https://api.spotify.com/v1/audio-analysis/06qMRF18gwbOYYbnP2du6i
pop,Beautiful Things,Benson Boone,89,https://api.spotify.com/v1/audio-analysis/3xkHsmpQCBMytMJNiDf3Ii
pop,Si Antes Te Hubiera Conocido,KAROL G,93,https://api.spotify.com/v1/audio-analysis/6WatFBLVB0x077xWeoVc2k
pop,The Emptiness Machine,Linkin Park,79,https://api.spotify.com/v1/audio-analysis/1EDPVGbyPKJPeGqATwXZvN
pop,Please Please Please,Sabrina Carpenter,87,https://api.spotify.com/v1/audio-analysis/2tHwzyyOLoWSFqYNjeVMzj
pop,"I Love You, I'm Sorry",Gracie Abrams,90,https://api.spotify.com/v1/audio-analysis/51rfRCiUSvxXlCSCfIztBy
pop,The Night We Met,Lord Huron,88,https://api.spotify.com/v1/audio-analysis/3hRV0jL3vUpRrcy398teAU
pop,KhÃ©?,"Rauw Alejandro, Romeo Santos",78,https://api.spotify.com/v1/audio-analysis/1YYfyJ2yCvGFCxwjsIqEK9
pop,Sweater Weather,The Neighbourhood,90,https://api.spotify.com/v1/audio-analysis/2QjOHCTQ1Jl3zawyYOpxh6
pop,I Wanna Be Yours,Arctic Monkeys,90,https://api.spotify.com/v1/audio-analysis/5XeFesFbtLpXzIVDNQP22n
pop,Lose Control,Teddy Swims,89,https://api.spotify.com/v1/audio-analysis/17phhZDn6oGtzMe56NuWvj
pop,See You Again (feat. Kali Uchis),"Tyler, The Creator, Kali Uchis",90,https://api.spotify.com/v1/audio-analysis/7KA4W4McWYRpgf0fWsJZWB
pop,Yellow,Coldplay,89,https://api.spotify.com/v1/audio-analysis/3AJwUDP919kvQ9QcozQPxg
pop,"Sticky (feat. GloRilla, Sexyy Red & Lil Wayne)","Tyler, The Creator, GloRilla, Sexyy Red, Lil Wayne",88,https://api.spotify.com/v1/audio-analysis/3tFed7YsjGnIfxeLEQwx3R
pop,That's What I Like,Bruno Mars,88,https://api.spotify.com/v1/audio-analysis/0KKkJNfGyhkQ5aFogxQAPU
pop,Locked out of Heaven,Bruno Mars,89,https://api.spotify.com/v1/audio-analysis/3w3y8KPTfNeOKPiqUTakBh
pop,Bed Chem,Sabrina Carpenter,90,https://api.spotify.com/v1/audio-analysis/1UHS8Rf6h5Ar3CDWRd3wjF
pop,Like Him (feat. Lola Young),"Tyler, The Creator, Lola Young",87,https://api.spotify.com/v1/audio-analysis/6jbYpRPTEFl1HFKHk1IC0m
pop,Night Changes,One Direction,89,https://api.spotify.com/v1/audio-analysis/5O2P9iiztwhomNh8xkR9lJ
pop,Rockin' Around The Christmas Tree,Brenda Lee,83,https://api.spotify.com/v1/audio-analysis/2EjXfH91m7f8HiJN1yQg97
pop,"One Of The Girls (with JENNIE, Lily Rose Depp)","The Weeknd, JENNIE, Lily-Rose Depp",89,https://api.spotify.com/v1/audio-analysis/7CyPwkp0oE8Ro9Dd5CUDjW
pop,Just the Way You Are,Bruno Mars,85,https://api.spotify.com/v1/audio-analysis/7BqBn9nzAq8spo5e7cZ0dJ
pop,A Bar Song (Tipsy),Shaboozey,84,https://api.spotify.com/v1/audio-analysis/5fZJQrFKWQLb7FpJXZ1g7K
pop,NIGHTS LIKE THIS,The Kid LAROI,88,https://api.spotify.com/v1/audio-analysis/1XBYiRV30ykHw5f4wm6qEn
pop,Iris,The Goo Goo Dolls,87,https://api.spotify.com/v1/audio-analysis/6Qyc6fS4DsZjB2mRW9DsQs
pop,In the End,Linkin Park,88,https://api.spotify.com/v1/audio-analysis/60a0Rd6pjrkxjPbaKzXjfq
pop,Too Sweet,Hozier,84,https://api.spotify.com/v1/audio-analysis/19XpFsce28aByvCC4g89tJ
pop,Juno,Sabrina Carpenter,87,https://api.spotify.com/v1/audio-analysis/21B4gaTWnTkuSh77iWEXdS
pop,Riptide,Vance Joy,85,https://api.spotify.com/v1/audio-analysis/2uXlHCUbq9OMUwx3hrk06o
pop,Heavy Is the Crown,Linkin Park,78,https://api.spotify.com/v1/audio-analysis/2HBBM75Xv3o2Mqdyh1NcM0
pop,DOS DÃAS,"Tito Double P, Peso Pluma",88,https://api.spotify.com/v1/audio-analysis/5lKFO0PrOC9jmOlPEdjHsL
pop,EL LOKERON,Tito Double P,89,https://api.spotify.com/v1/audio-analysis/6X6m4xmdFcz31p1h7Qg68c
pop,Santa Tell Me,Ariana Grande,82,https://api.spotify.com/v1/audio-analysis/0lizgQ7Qw35od7CYaoMBZb
pop,Jingle Bell Rock,Bobby Helms,80,https://api.spotify.com/v1/audio-analysis/7vQbuQcyTflfCIOu3Uzzya
pop,we can't be friends (wait for your love),Ariana Grande,86,https://api.spotify.com/v1/audio-analysis/51ZQ1vr10ffzbwIjDCwqm4
pop,Night Changes,One Direction,89,https://api.spotify.com/v1/audio-analysis/5O2P9iiztwhomNh8xkR9lJ
pop,Easy On Me,Adele,77,https://api.spotify.com/v1/audio-analysis/0gplL1WMoJ6iYaPgMCL0gX
pop,Wrecking Ball,Miley Cyrus,78,https://api.spotify.com/v1/audio-analysis/2vwlzO0Qp8kfEtzTsCXfyE
pop,All of Me,John Legend,83,https://api.spotify.com/v1/audio-analysis/3U4isOIWM3VvDubwSI3y7a
pop,Just Give Me a Reason (feat. Nate Ruess),"P!nk, Nate Ruess",83,https://api.spotify.com/v1/audio-analysis/1mKXFLRA179hdOWQBwUk9e
pop,Counting Stars,OneRepublic,71,https://api.spotify.com/v1/audio-analysis/6sy3LkhNFjJWlaeSMNwQ62
pop,Unstoppable,Sia,77,https://api.spotify.com/v1/audio-analysis/1yvMUkIOTeUNtNWlWRgANS
pop,Yellow,Coldplay,89,https://api.spotify.com/v1/audio-analysis/3AJwUDP919kvQ9QcozQPxg
pop,End of Beginning,Djo,89,https://api.spotify.com/v1/audio-analysis/3qhlB30KknSejmIvZZLjOD
pop,Iris,The Goo Goo Dolls,87,https://api.spotify.com/v1/audio-analysis/6Qyc6fS4DsZjB2mRW9DsQs
pop,Stick Season,Noah Kahan,87,https://api.spotify.com/v1/audio-analysis/0mflMxspEfB0VbI1kyLiAv
pop,When I Was Your Man,Bruno Mars,87,https://api.spotify.com/v1/audio-analysis/0nJW01T7XtvILxQgC5J7Wh
pop,Story of My Life,One Direction,86,https://api.spotify.com/v1/audio-analysis/4nVBt6MZDDP6tRVdQTgxJg
pop,Another Love,Tom Odell,86,https://api.spotify.com/v1/audio-analysis/3JvKfv6T31zO0ini8iNItO
pop,Something Just Like This,"The Chainsmokers, Coldplay",86,https://api.spotify.com/v1/audio-analysis/6RUKPb4LETWmmr3iAEQktW
pop,lovely (with Khalid),"Billie Eilish, Khalid",86,https://api.spotify.com/v1/audio-analysis/0u2P5u6lvoDfwTYjAADbn4
pop,Nonsense,Sabrina Carpenter,86,https://api.spotify.com/v1/audio-analysis/6dgUya35uo964z7GZXM07g
pop,Shape of You,Ed Sheeran,86,https://api.spotify.com/v1/audio-analysis/7qiZfU4dY1lWllzX7mPBI3
pop,Something in the Orange,Zach Bryan,85,https://api.spotify.com/v1/audio-analysis/3WMj8moIAXJhHsyLaqIIHI
pop,Just the Way You Are,Bruno Mars,85,https://api.spotify.com/v1/audio-analysis/7BqBn9nzAq8spo5e7cZ0dJ
pop,Say You Won't Let Go,James Arthur,85,https://api.spotify.com/v1/audio-analysis/5uCax9HTNlzGybIStD3vDh
pop,Sure Thing,Miguel,85,https://api.spotify.com/v1/audio-analysis/0JXXNGljqupsJaZsgSbMZV
pop,Perfect,Ed Sheeran,86,https://api.spotify.com/v1/audio-analysis/0tgVpDi06FyKpA1z0VMD4v
pop,The Scientist,Coldplay,84,https://api.spotify.com/v1/audio-analysis/75JFxkI2RXiU7L9VXzMkle
pop,Skyfall,Adele,84,https://api.spotify.com/v1/audio-analysis/6VObnIkLVruX4UVyxWhlqm
pop,Thunder,Imagine Dragons,84,https://api.spotify.com/v1/audio-analysis/1zB4vmk8tFRmM9UULNzbLB
pop,Lover,Taylor Swift,84,https://api.spotify.com/v1/audio-analysis/1dGr1c8CrMLDpV6mPbImSI
pop,Circles,Post Malone,83,https://api.spotify.com/v1/audio-analysis/21jGcNKet2qwijlDFuPiPb
pop,Heather,Conan Gray,83,https://api.spotify.com/v1/audio-analysis/4xqrdfXkTW4T0RauPLv3WA
pop,Ghost,Justin Bieber,83,https://api.spotify.com/v1/audio-analysis/6I3mqTwhRpn34SLVafSH7G
pop,Maps,Maroon 5,83,https://api.spotify.com/v1/audio-analysis/4gbVRS8gloEluzf0GzDOFc
pop,Photograph,Ed Sheeran,84,https://api.spotify.com/v1/audio-analysis/1HNkqx9Ahdgi1Ixy2xkKkL
pop,Stitches,Shawn Mendes,82,https://api.spotify.com/v1/audio-analysis/5jsw9uXEGuKyJzs0boZ1bT
pop,Fix You,Coldplay,82,https://api.spotify.com/v1/audio-analysis/7LVHVU3tWfcxj5aiPFEW4Q
pop,Fast Car,Luke Combs,82,https://api.spotify.com/v1/audio-analysis/1Lo0QY9cvc8sUB2vnIOxDT
pop,Before You Go,Lewis Capaldi,81,https://api.spotify.com/v1/audio-analysis/2gMXnyrvIjhVBUZwvLZDMP
pop,Anti-Hero,Taylor Swift,81,https://api.spotify.com/v1/audio-analysis/0V3wPSX9ygBnCm8psDIegu
pop,Complicated,Avril Lavigne,81,https://api.spotify.com/v1/audio-analysis/5xEM5hIgJ1jjgcEBfpkt2F
pop,Paradise,Coldplay,81,https://api.spotify.com/v1/audio-analysis/6nek1Nin9q48AVZcWs9e9D
pop,Memories,Maroon 5,82,https://api.spotify.com/v1/audio-analysis/4cktbXiXOapiLBMprHFErI
pop,Thinking out Loud,Ed Sheeran,81,https://api.spotify.com/v1/audio-analysis/34gCuhDGsG4bRPIf9bb02f
pop,Drops of Jupiter (Tell Me),Train,80,https://api.spotify.com/v1/audio-analysis/2hKdd3qO7cWr2Jo0Bcs0MA
pop,Dance The Night - From Barbie The Album,Dua Lipa,80,https://api.spotify.com/v1/audio-analysis/1vYXt7VSjH9JIM5oRRo7vA
pop,I Ain't Worried,OneRepublic,79,https://api.spotify.com/v1/audio-analysis/4h9wh7iOZ0GGn8QVp4RAOB
pop,Try,P!nk,79,https://api.spotify.com/v1/audio-analysis/1jF7IL57ayN4Ity3jQqGu0
pop,This Love,Maroon 5,82,https://api.spotify.com/v1/audio-analysis/6ECp64rv50XVz93WvxXMGF
pop,7 Years,Lukas Graham,79,https://api.spotify.com/v1/audio-analysis/5kqIPrATaCc2LqxVWzQGbk
pop,Heartbreak Anniversary,Giveon,79,https://api.spotify.com/v1/audio-analysis/3FAJ6O0NOHQV8Mc5Ri6ENp
pop,Cold Heart - PNAU Remix,"Elton John, Dua Lipa, PNAU",79,https://api.spotify.com/v1/audio-analysis/6zSpb8dQRaw0M1dK8PBwQz
pop,Like I'm Gonna Lose You (feat. John Legend),"Meghan Trainor, John Legend",78,https://api.spotify.com/v1/audio-analysis/2YlZnw2ikdb837oKMKjBkW
pop,Until I Found You (with Em Beihold) - Em Beihold Version,"Stephen Sanchez, Em Beihold",78,https://api.spotify.com/v1/audio-analysis/1Y3LN4zO1Edc2EluIoSPJN
pop,She Will Be Loved - Radio Mix,Maroon 5,80,https://api.spotify.com/v1/audio-analysis/4llK75pXNWZz6KAho2Gp16
pop,This Town,Niall Horan,78,https://api.spotify.com/v1/audio-analysis/0qvzXomUDJVaUboy2wMfiS
pop,Lil Boo Thang,Paul Russell,78,https://api.spotify.com/v1/audio-analysis/0cVyQfDyRnMJ0V3rjjdlU3
pop,STAY (with Justin Bieber),"The Kid LAROI, Justin Bieber",78,https://api.spotify.com/v1/audio-analysis/5HCyWlXZPP0y6Gqq8TgA20
pop,Stuck with U (with Justin Bieber),"Ariana Grande, Justin Bieber",78,https://api.spotify.com/v1/audio-analysis/4HBZA5flZLE435QTztThqH
pop,Marry You,Bruno Mars,78,https://api.spotify.com/v1/audio-analysis/6SKwQghsR8AISlxhcwyA9R
pop,Dancing On My Own,Calum Scott,78,https://api.spotify.com/v1/audio-analysis/2BOqDYLOJBiMOXShCV1neZ
pop,Without Me,Halsey,78,https://api.spotify.com/v1/audio-analysis/6FZDfxM3a3UCqtzo5pxSLZ
pop,Leave Before You Love Me (with Jonas Brothers),"Marshmello, Jonas Brothers",77,https://api.spotify.com/v1/audio-analysis/4qu63nuBpdn0qHUHuObEj1
pop,Best Day Of My Life,American Authors,77,https://api.spotify.com/v1/audio-analysis/5Hroj5K7vLpIG4FNCRIjbP
pop,Sugar,Maroon 5,78,https://api.spotify.com/v1/audio-analysis/2iuZJX9X9P0GKaE93xcPjk
pop,The Middle,"Zedd, Maren Morris, Grey",76,https://api.spotify.com/v1/audio-analysis/09IStsImFySgyp0pIQdqAc
pop,Lose You To Love Me,Selena Gomez,76,https://api.spotify.com/v1/audio-analysis/4l0Mvzj72xxOpRrp6h8nHi
pop,Nothing Breaks Like a Heart (feat. Miley Cyrus),"Mark Ronson, Miley Cyrus",76,https://api.spotify.com/v1/audio-analysis/02dRkCEc8Q5ch4TTcnLxOn
pop,Last Night,Morgan Wallen,76,https://api.spotify.com/v1/audio-analysis/59uQI0PADDKeE6UZDTJEe8
pop,Royals,Lorde,76,https://api.spotify.com/v1/audio-analysis/2dLLR6qlu5UJ5gk0dKz0h3
pop,Bleeding Love,Leona Lewis,75,https://api.spotify.com/v1/audio-analysis/7wZUrN8oemZfsEd1CGkbXE
pop,A Thousand Miles,Vanessa Carlton,75,https://api.spotify.com/v1/audio-analysis/4w1lzcaoZ1IC2K5TwjalRP
pop,Love Story (Taylorâ€™s Version),Taylor Swift,75,https://api.spotify.com/v1/audio-analysis/6YvqWjhGD8mB5QXcbcUKtx
pop,SeÃ±orita,"Shawn Mendes, Camila Cabello",75,https://api.spotify.com/v1/audio-analysis/0TK2YIli7K1leLovkQiNik
pop,Wide Awake,Katy Perry,74,https://api.spotify.com/v1/audio-analysis/5JLv62qFIS1DR3zGEcApRt
pop,I'm Yours,Jason Mraz,74,https://api.spotify.com/v1/audio-analysis/1EzrEOXmMH3G43AXT1y7pA
pop,Wherever You Will Go,The Calling,74,https://api.spotify.com/v1/audio-analysis/5QpaGzWp0hwB5faV8dkbAz
pop,Somebody That I Used To Know,"Gotye, Kimbra",74,https://api.spotify.com/v1/audio-analysis/4wCmqSrbyCgxEXROQE6vtV
pop,Girl on Fire,Alicia Keys,74,https://api.spotify.com/v1/audio-analysis/4esOae7i4rqTbAu9o5Pxco
pop,You Know I'm No Good,Amy Winehouse,74,https://api.spotify.com/v1/audio-analysis/0DMRKqrpd0QO4RWiEdMib0
pop,Be Alright,Dean Lewis,74,https://api.spotify.com/v1/audio-analysis/3EPXxR3ImUwfayaurPi3cm
pop,Someone To You,BANNERS,74,https://api.spotify.com/v1/audio-analysis/2f0pn9DkEJwAzXApnFh5cr
pop,Arcade,Duncan Laurence,73,https://api.spotify.com/v1/audio-analysis/1Xi84slp6FryDSCbzq4UCD
pop,Fight Song,Rachel Platten,73,https://api.spotify.com/v1/audio-analysis/37f4ITSlgPX81ad2EvmVQr
pop,Teenage Dream,Katy Perry,73,https://api.spotify.com/v1/audio-analysis/5jzKL4BDMClWqRguW5qZvh
pop,What About Us,P!nk,72,https://api.spotify.com/v1/audio-analysis/0Qh38w01QRXK6KHIv0e3hb
pop,Demons,Imagine Dragons,72,https://api.spotify.com/v1/audio-analysis/3LlAyCYU26dvFZBDUIMb7a
pop,If You Love Her,Forest Blakk,72,https://api.spotify.com/v1/audio-analysis/727Z2S2mtNH46CbP9EWPwY
pop,Issues,Julia Michaels,72,https://api.spotify.com/v1/audio-analysis/7vu0JkJh0ldukEYbTVcqd0
pop,You Say,Lauren Daigle,72,https://api.spotify.com/v1/audio-analysis/6Up545NUflOiXo8cEraH49
pop,If the World Was Ending (feat. Julia Michaels),"JP Saxe, Julia Michaels",72,https://api.spotify.com/v1/audio-analysis/2kJwzbxV2ppxnQoYw4GLBZ
pop,Halo,BeyoncÃ©,71,https://api.spotify.com/v1/audio-analysis/4JehYebiI9JE8sR8MisGVb
pop,We Are Young (feat. Janelle MonÃ¡e),"fun., Janelle MonÃ¡e",71,https://api.spotify.com/v1/audio-analysis/7a86XRg84qjasly9f6bPSD
pop,No One,Alicia Keys,71,https://api.spotify.com/v1/audio-analysis/6IwKcFdiRQZOWeYNhUiWIv
pop,Back To Black,Amy Winehouse,70,https://api.spotify.com/v1/audio-analysis/30FURVTCpbKyykjSEQzGkH
pop,"10,000 Hours (with Justin Bieber)","Dan + Shay, Justin Bieber",70,https://api.spotify.com/v1/audio-analysis/2wrJq5XKLnmhRXHIAf9xBa
pop,Rise Up,Andra Day,70,https://api.spotify.com/v1/audio-analysis/0tV8pOpiNsKqUys0ilUcXz
pop,Part Of Me,Katy Perry,70,https://api.spotify.com/v1/audio-analysis/6yARPLK0PV4heEyh7pVMGz
pop,Locked out of Heaven,Bruno Mars,89,https://api.spotify.com/v1/audio-analysis/3w3y8KPTfNeOKPiqUTakBh
pop,Starboy,"The Weeknd, Daft Punk",87,https://api.spotify.com/v1/audio-analysis/7MXVkk9YMctZqd1Srtv4MB
pop,Without Me,Eminem,86,https://api.spotify.com/v1/audio-analysis/7lQ8MOhq6IN2w8EYcFNSUk
pop,Shape of You,Ed Sheeran,86,https://api.spotify.com/v1/audio-analysis/7qiZfU4dY1lWllzX7mPBI3
pop,Give Me Everything (feat. Nayer),"Pitbull, AFROJACK, Ne-Yo, Nayer",84,https://api.spotify.com/v1/audio-analysis/4QNpBfC0zvjKqPJcyqBy9W
pop,Take on Me,a-ha,84,https://api.spotify.com/v1/audio-analysis/2WfaOiMkCvy7F5fcp2zZ8L
pop,Hips Don't Lie (feat. Wyclef Jean),"Shakira, Wyclef Jean",84,https://api.spotify.com/v1/audio-analysis/3ZFTkvIE7kyPt6Nu3PEa7V
pop,Yeah! (feat. Lil Jon & Ludacris),"USHER, Lil Jon, Ludacris",84,https://api.spotify.com/v1/audio-analysis/5rb9QrpfcKFHM1EUbSIurX
pop,Shut Up and Dance,WALK THE MOON,83,https://api.spotify.com/v1/audio-analysis/4kbj5MwxO1bq9wjT5g9HaA
pop,Livin' On A Prayer,Bon Jovi,83,https://api.spotify.com/v1/audio-analysis/37ZJ0p5Jm13JPevGcx4SkF
pop,Wake Me Up,Avicii,83,https://api.spotify.com/v1/audio-analysis/0nrRP2bk19rLc0orkWPQk2
pop,Toxic,Britney Spears,83,https://api.spotify.com/v1/audio-analysis/6I9VzXrHxO9rA9A5euc8Ak
pop,Sweet Dreams (Are Made of This) - 2005 Remaster,"Eurythmics, Annie Lennox, Dave Stewart",83,https://api.spotify.com/v1/audio-analysis/1TfqLAPs4K3s2rJMoCokcS
pop,TiK ToK,Kesha,83,https://api.spotify.com/v1/audio-analysis/0HPD5WQqrq7wPWR7P7Dw1i
pop,Sorry,Justin Bieber,83,https://api.spotify.com/v1/audio-analysis/09CtPGIpYB4BrO8qb1RGsF
pop,Dancing Queen,ABBA,82,https://api.spotify.com/v1/audio-analysis/0GjEhVFGZW8afUYGChu3Rr
pop,Outside (feat. Ellie Goulding),"Calvin Harris, Ellie Goulding",82,https://api.spotify.com/v1/audio-analysis/7MmG8p0F9N3C4AXdK6o6Eb
pop,The Way I Are,"Timbaland, Keri Hilson, D.O.E.",82,https://api.spotify.com/v1/audio-analysis/2bLqfJjuC5syrsgDsZfGmn
pop,Timber,"Pitbull, Kesha",82,https://api.spotify.com/v1/audio-analysis/3cHyrEgdyYRjgJKSOiOtcS
pop,The Nights,Avicii,82,https://api.spotify.com/v1/audio-analysis/0ct6r3EGTcMLPtrXHDvVjc
pop,DJ Got Us Fallin' In Love (feat. Pitbull),"USHER, Pitbull",81,https://api.spotify.com/v1/audio-analysis/4356Typ82hUiFAynbLYbPn
pop,...Baby One More Time,Britney Spears,81,https://api.spotify.com/v1/audio-analysis/3MjUtNVVq3C8Fn0MP3zhXa
pop,Ms. Jackson,Outkast,81,https://api.spotify.com/v1/audio-analysis/0I3q5fE6wg7LIfHGngUTnV
pop,Poker Face,Lady Gaga,81,https://api.spotify.com/v1/audio-analysis/1QV6tiMFM6fSOKOGLMHYYg
pop,Time of Our Lives,"Pitbull, Ne-Yo",82,https://api.spotify.com/v1/audio-analysis/2bJvI42r8EF3wxjOuDav4r
pop,Summer,Calvin Harris,81,https://api.spotify.com/v1/audio-analysis/6YUTL4dYpB9xZO5qExPf05
pop,I Wanna Dance with Somebody (Who Loves Me),Whitney Houston,81,https://api.spotify.com/v1/audio-analysis/2tUBqZG2AbRi7Q0BIrVrEj
pop,Don't Let Me Down,"The Chainsmokers, Daya",80,https://api.spotify.com/v1/audio-analysis/1i1fxkWeaMmKEB4T7zqbzK
pop,Gimme More,Britney Spears,80,https://api.spotify.com/v1/audio-analysis/6ic8OlLUNEATToEFU3xmaH
pop,24K Magic,Bruno Mars,80,https://api.spotify.com/v1/audio-analysis/6b8Be6ljOzmkOmFslEb23P
pop,Girls Just Want to Have Fun,Cyndi Lauper,80,https://api.spotify.com/v1/audio-analysis/4y1LsJpmMti1PfRQV9AWWe
pop,Summer Of '69,Bryan Adams,80,https://api.spotify.com/v1/audio-analysis/0GONea6G2XdnHWjNZd6zt3
pop,Stereo Hearts (feat. Adam Levine),"Gym Class Heroes, Adam Levine",80,https://api.spotify.com/v1/audio-analysis/0qOnSQQF0yzuPWsXrQ9paz
pop,Call Me Maybe,Carly Rae Jepsen,80,https://api.spotify.com/v1/audio-analysis/20I6sIOMTCkB6w7ryavxtO
pop,No Lie,"Sean Paul, Dua Lipa",80,https://api.spotify.com/v1/audio-analysis/48QmG1dfvMuYLxMPt7KSRA
pop,Titanium (feat. Sia),"David Guetta, Sia",80,https://api.spotify.com/v1/audio-analysis/0TDLuuLlV54CkRRUOahJb4
pop,SexyBack (feat. Timbaland),"Justin Timberlake, Timbaland",80,https://api.spotify.com/v1/audio-analysis/0O45fw2L5vsWpdsOdXwNAR
pop,I Gotta Feeling,Black Eyed Peas,80,https://api.spotify.com/v1/audio-analysis/4kLLWz7srcuLKA7Et40PQR
pop,What Do You Mean?,Justin Bieber,79,https://api.spotify.com/v1/audio-analysis/4B0JvthVoAAuygILe3n4Bs
pop,Don't Stop The Music,Rihanna,79,https://api.spotify.com/v1/audio-analysis/0ByMNEPAPpOR5H69DVrTNy
pop,Wannabe,Spice Girls,79,https://api.spotify.com/v1/audio-analysis/1Je1IMUlBXcx1Fz0WE7oPT
pop,"Moves Like Jagger - Studio Recording From ""The Voice"" Performance","Maroon 5, Christina Aguilera",79,https://api.spotify.com/v1/audio-analysis/7pYfyrMNPn3wtoCyqcTVoI
pop,Oops!...I Did It Again,Britney Spears,79,https://api.spotify.com/v1/audio-analysis/6naxalmIoLFWR0siv8dnQQ
pop,Tainted Love,Soft Cell,79,https://api.spotify.com/v1/audio-analysis/0cGG2EouYCEEC3xfa0tDFV
pop,Just Dance,"Lady Gaga, Colby O'Donis",79,https://api.spotify.com/v1/audio-analysis/1dzQoRqT5ucxXVaAhTcT0J
pop,Blame (feat. John Newman),"Calvin Harris, John Newman",79,https://api.spotify.com/v1/audio-analysis/07nH4ifBxUB4lZcsf44Brn
pop,Candy Shop,"50 Cent, Olivia",78,https://api.spotify.com/v1/audio-analysis/5D2mYZuzcgjpchVY1pmTPh
pop,Gimme! Gimme! Gimme! (A Man After Midnight),ABBA,78,https://api.spotify.com/v1/audio-analysis/3vkQ5DAB1qQMYO4Mr9zJN6
pop,Don't You Worry Child - Radio Edit,"Swedish House Mafia, John Martin",78,https://api.spotify.com/v1/audio-analysis/2V65y3PX4DkRhy1djlxd9p
pop,Sugar (feat. Francesco Yates),"Robin Schulz, Francesco Yates",78,https://api.spotify.com/v1/audio-analysis/5tf1VVWniHgryyumXyJM7w
pop,Rock Your Body,Justin Timberlake,78,https://api.spotify.com/v1/audio-analysis/1AWQoqb9bSvzTjaLralEkT
pop,Disturbia,Rihanna,78,https://api.spotify.com/v1/audio-analysis/2VOomzT6VavJOGBeySqaMc
pop,Believe,Cher,78,https://api.spotify.com/v1/audio-analysis/2goLsvvODILDzeeiT4dAoR
pop,Don't Go Breaking My Heart,"Elton John, Kiki Dee",78,https://api.spotify.com/v1/audio-analysis/7HW5WIw7ZgZORCzUxv5gW5
pop,Can't Get You out of My Head,Kylie Minogue,78,https://api.spotify.com/v1/audio-analysis/3E7ZwUMJFqpsDOJzEkBrQ7
pop,Temperature,Sean Paul,78,https://api.spotify.com/v1/audio-analysis/0k2GOhqsrxDTAbFFSdNJjT
pop,Latch,"Disclosure, Sam Smith",78,https://api.spotify.com/v1/audio-analysis/51ODNNDZm21HU7wI7cccRr
pop,Waiting For Love,Avicii,78,https://api.spotify.com/v1/audio-analysis/2P4OICZRVAQcYAV2JReRfj
pop,On The Floor,"Jennifer Lopez, Pitbull",78,https://api.spotify.com/v1/audio-analysis/3C0nOe05EIt1390bVABLyN
pop,9 to 5,Dolly Parton,78,https://api.spotify.com/v1/audio-analysis/4w3tQBXhn5345eUXDGBWZG
pop,Family Affair,Mary J. Blige,78,https://api.spotify.com/v1/audio-analysis/3aw9iWUQ3VrPQltgwvN9Xu
pop,Shake It Off,Taylor Swift,78,https://api.spotify.com/v1/audio-analysis/0cqRj7pUJDkTCEsJkx8snD
pop,Pon de Replay,Rihanna,78,https://api.spotify.com/v1/audio-analysis/4TsmezEQVSZNNPv5RJ65Ov
pop,Lady - Hear Me Tonight,Modjo,77,https://api.spotify.com/v1/audio-analysis/49X0LAl6faAusYq02PRAY6
pop,All That She Wants,Ace of Base,77,https://api.spotify.com/v1/audio-analysis/6kWJvPfC4DgUpRsXKNa9z9
pop,Wild Ones (feat. Sia),"Flo Rida, Sia",77,https://api.spotify.com/v1/audio-analysis/1NpW5kyvO4XrNJ3rnfcNy3
pop,Get Lucky (Radio Edit) [feat. Pharrell Williams and Nile Rodgers],"Daft Punk, Pharrell Williams, Nile Rodgers",77,https://api.spotify.com/v1/audio-analysis/2Foc5Q5nqNiosCNqttzHof
pop,Levels - Radio Edit,Avicii,77,https://api.spotify.com/v1/audio-analysis/5UqCQaDshqbIk3pkhy4Pjg
pop,Billie Jean,Michael Jackson,77,https://api.spotify.com/v1/audio-analysis/5ChkMS8OtdzJeqyybCc9R5
pop,Feel This Moment (feat. Christina Aguilera),"Pitbull, Christina Aguilera",77,https://api.spotify.com/v1/audio-analysis/0Hf4aIJpsN4Os2f0y0VqWl
pop,I Love Rock 'N Roll,Joan Jett & the Blackhearts,77,https://api.spotify.com/v1/audio-analysis/2Cdvbe2G4hZsnhNMKyGrie
pop,Crazy In Love (feat. Jay-Z),"BeyoncÃ©, JAY-Z",77,https://api.spotify.com/v1/audio-analysis/5IVuqXILoxVWvWEPm82Jxr
pop,This Is What You Came For,"Calvin Harris, Rihanna",77,https://api.spotify.com/v1/audio-analysis/0azC730Exh71aQlOt9Zj3y
pop,Can't Hold Us (feat. Ray Dalton),"Macklemore, Ryan Lewis, Macklemore & Ryan Lewis, Ray Dalton",76,https://api.spotify.com/v1/audio-analysis/3bidbhpOYeV4knp8AIu8Xn
pop,Starships,Nicki Minaj,76,https://api.spotify.com/v1/audio-analysis/2EBCVPNAG46nbgs6jXPGvv
pop,No Diggity,"Blackstreet, Dr. Dre, Queen Pen",76,https://api.spotify.com/v1/audio-analysis/6MdqqkQ8sSC0WB4i8PyRuQ
pop,Walking On Sunshine,Katrina & The Waves,76,https://api.spotify.com/v1/audio-analysis/05wIrZSwuaVWhcv5FfqeH0
pop,Club Can't Handle Me (feat. David Guetta),"Flo Rida, David Guetta",76,https://api.spotify.com/v1/audio-analysis/6ebkx7Q5tTxrCxKq4GYj0Y
pop,International Love (feat. Chris Brown),"Pitbull, Chris Brown",77,https://api.spotify.com/v1/audio-analysis/62zFEHfAYl5kdHYOivj4BC
pop,Mamma Mia,ABBA,76,https://api.spotify.com/v1/audio-analysis/2TxCwUlqaOH3TIyJqGgR91
pop,Don't You Want Me,The Human League,76,https://api.spotify.com/v1/audio-analysis/3L7RtEcu1Hw3OXrpnthngx
pop,"CAN'T STOP THE FEELING! (from DreamWorks Animation's ""TROLLS"")",Justin Timberlake,76,https://api.spotify.com/v1/audio-analysis/6JV2JOEocMgcZxYSZelKcc
pop,Boogie Wonderland,"Earth, Wind & Fire, The Emotions",76,https://api.spotify.com/v1/audio-analysis/6ztstiyZL6FXzh4aG46ZPD
pop,Under Control (feat. Hurts),"Calvin Harris, Alesso, Hurts",76,https://api.spotify.com/v1/audio-analysis/4J7CKHCF3mdL4diUsmW8lq
pop,Con Calma,"Daddy Yankee, Snow",76,https://api.spotify.com/v1/audio-analysis/5w9c2J52mkdntKOmRLeM2m
pop,Glad You Came,The Wanted,76,https://api.spotify.com/v1/audio-analysis/5yDL13y5giogKs2fSNf7sj
pop,Lean On (feat. MÃ˜ & DJ Snake),"Major Lazer, MÃ˜, DJ Snake",76,https://api.spotify.com/v1/audio-analysis/2YWjW3wwQIBLNhxWKBQd16
pop,Good Feeling,Flo Rida,76,https://api.spotify.com/v1/audio-analysis/2LEF1A8DOZ9wRYikWgVlZ8
pop,Alors on danse - Radio Edit,Stromae,75,https://api.spotify.com/v1/audio-analysis/2GYHyAoLWpkxLVa4oYTVko
pop,We Found Love,"Rihanna, Calvin Harris",75,https://api.spotify.com/v1/audio-analysis/0U10zFw4GlBacOy9VDGfGL
pop,Jump - 2015 Remaster,Van Halen,75,https://api.spotify.com/v1/audio-analysis/7N3PAbqfTjSEU1edb2tY8j
pop,Good Time,"Owl City, Carly Rae Jepsen",75,https://api.spotify.com/v1/audio-analysis/1kPpge9JDLpcj15qgrPbYX
pop,Replay,Iyaz,75,https://api.spotify.com/v1/audio-analysis/4E5P1XyAFtrjpiIxkydly4
pop,Break Free,"Ariana Grande, Zedd",75,https://api.spotify.com/v1/audio-analysis/12KUFSHFgT0XCoiSlvdQi4
pop,"Freed From Desire - prod. Molella, Phil Jay","Gala, Molella, Phil Jay",75,https://api.spotify.com/v1/audio-analysis/3u5N55tHf7hXATSQrjBh2q
pop,Flashdance...What a Feeling - Radio Edit,Irene Cara,75,https://api.spotify.com/v1/audio-analysis/3cbV252akVZInSvJk7jAYX
pop,Ride Wit Me,"Nelly, City Spud",75,https://api.spotify.com/v1/audio-analysis/3Gf5nttwcX9aaSQXRWidEZ
pop,Mambo No. 5 (a Little Bit of...),Lou Bega,75,https://api.spotify.com/v1/audio-analysis/6x4tKaOzfNJpEJHySoiJcs
pop,One More Time,Daft Punk,74,https://api.spotify.com/v1/audio-analysis/0DiWol3AO6WpXZgp0goxAV
pop,Let's Groove,"Earth, Wind & Fire",75,https://api.spotify.com/v1/audio-analysis/3koCCeSaVUyrRo3N2gHrd8
pop,The Final Countdown,Europe,74,https://api.spotify.com/v1/audio-analysis/3MrRksHupTVEQ7YbA0FsZK
pop,"Whenever, Wherever",Shakira,74,https://api.spotify.com/v1/audio-analysis/2lnzGkdtDj5mtlcOW2yRtG
pop,Destination Calabria - Radio Edit,"Alex Gaudino, Crystal Waters",74,https://api.spotify.com/v1/audio-analysis/5TmFTHZp7HjBXjjsFvCY6h
pop,Everybody (Backstreet's Back) - Radio Edit,Backstreet Boys,74,https://api.spotify.com/v1/audio-analysis/1di1BEgJYzPvXUuinsYJGP
pop,Like a Prayer,Madonna,74,https://api.spotify.com/v1/audio-analysis/1z3ugFmUKoCzGsI6jdY4Ci
pop,Hot N Cold,Katy Perry,74,https://api.spotify.com/v1/audio-analysis/0iGckQFyv6svOfAbAY9aWJ
pop,Bye Bye Bye,*NSYNC,74,https://api.spotify.com/v1/audio-analysis/4r8lRYnoOGdEi6YyI5OC1o
pop,Hot In Herre,Nelly,74,https://api.spotify.com/v1/audio-analysis/04KTF78FFg8sOHC1BADqbY
pop,Take A Chance On Me,ABBA,74,https://api.spotify.com/v1/audio-analysis/5BckPAYcKEJuYs1eV1BHHe
pop,Barbie Girl,Aqua,74,https://api.spotify.com/v1/audio-analysis/5ZrDlcxIDZyjOzHdYW1ydr
pop,Give It To Me,"Timbaland, Justin Timberlake, Nelly Furtado",74,https://api.spotify.com/v1/audio-analysis/0wbDgMuAoy7O7pL3a69uZx
pop,Just Can't Get Enough,Depeche Mode,74,https://api.spotify.com/v1/audio-analysis/0qi4b1l0eT3jpzeNHeFXDT
pop,Stayin' Alive,Bee Gees,74,https://api.spotify.com/v1/audio-analysis/4UDmDIqJIbrW0hMBQMFOsM
pop,Return of the Mack,Mark Morrison,73,https://api.spotify.com/v1/audio-analysis/3jDdpx9PMlfMBS5tOBHFm9
pop,Don't Stop 'Til You Get Enough,Michael Jackson,73,https://api.spotify.com/v1/audio-analysis/46eu3SBuFCXWsPT39Yg3tJ
pop,Infinity 2008 - Klaas Vocal Edit,"Guru Josh Project, Klaas",73,https://api.spotify.com/v1/audio-analysis/3aQz0z86zrKjd1mcZlonxE
pop,King,Olly Alexander (Years & Years),73,https://api.spotify.com/v1/audio-analysis/3AeicLnm55RqcXGBKYQolM
pop,"December, 1963 (Oh What a Night!)",Frankie Valli & The Four Seasons,73,https://api.spotify.com/v1/audio-analysis/1hQFF33xi8ruavZNyovtUN
pop,Don't Worry (with Ray Dalton) - Radio Edit,"Madcon, Ray Dalton",73,https://api.spotify.com/v1/audio-analysis/63CSozvYUEudPp12679UVF
pop,Livin' la Vida Loca,Ricky Martin,73,https://api.spotify.com/v1/audio-analysis/0Ph6L4l8dYUuXFmb71Ajnd
pop,Blurred Lines,"Robin Thicke, T.I., Pharrell Williams",73,https://api.spotify.com/v1/audio-analysis/0n4bITAu0Y0nigrz3MFJMb
pop,4 Minutes (feat. Justin Timberlake & Timbaland),"Madonna, Justin Timberlake, Timbaland",73,https://api.spotify.com/v1/audio-analysis/1oHClQEgDmmbcEx12Kc5nZ
pop,Call on Me - Radio Mix,Eric Prydz,73,https://api.spotify.com/v1/audio-analysis/1xNcBAoUw8Hz6LqK2jt4Ff
pop,Best of My Love,The Emotions,73,https://api.spotify.com/v1/audio-analysis/2M2WJ7gBlcKNxdhyfPp9zY
pop,Get Up (Rattle) [feat. Far East Movement] - Vocal Edit,"Bingo Players, Far East Movement",72,https://api.spotify.com/v1/audio-analysis/3wLPRjw2XQpmowqXUXb3UF
pop,Kiss,Prince,73,https://api.spotify.com/v1/audio-analysis/62LJFaYihsdVrrkgUOJC05
pop,Where Them Girls At (feat. Nicki Minaj & Flo Rida),"David Guetta, Flo Rida, Nicki Minaj",72,https://api.spotify.com/v1/audio-analysis/7ks6AZmFcm3Y6PGGxGSmlB
pop,I Kissed A Girl,Katy Perry,72,https://api.spotify.com/v1/audio-analysis/14iN3o8ptQ8cFVZTEmyQRV
pop,Summertime Sadness (Lana Del Rey Vs. Cedric Gervais) - Cedric Gervais Remix,"Lana Del Rey, Cedric Gervais",72,https://api.spotify.com/v1/audio-analysis/6PUIzlqotEmPuBfjbwYWOB
pop,Dynamite,Taio Cruz,72,https://api.spotify.com/v1/audio-analysis/2CEgGE6aESpnmtfiZwYlbV
pop,Born in the U.S.A.,Bruce Springsteen,72,https://api.spotify.com/v1/audio-analysis/0dOg1ySSI7NkpAe89Zo0b9
pop,Miami,Will Smith,72,https://api.spotify.com/v1/audio-analysis/6e8Ou0wiqAzIpWb2eSxll8
pop,Coco Jamboo,Mr. President,72,https://api.spotify.com/v1/audio-analysis/5fRvePkRGdpn2nKacG7I6d
pop,Born to Be Alive - The Original,Patrick Hernandez,72,https://api.spotify.com/v1/audio-analysis/3XIEWK1V9n25PS9Vb6axj5
pop,Music Sounds Better With You - Radio Edit,"Stardust, Benjamin Diamond, Alan Braxe, Thomas Bangalter",72,https://api.spotify.com/v1/audio-analysis/1mv4lh1rW1K6xhxhJmEezy
pop,Gangnam Style (ê°•ë‚¨ìŠ¤íƒ€ì¼),PSY,72,https://api.spotify.com/v1/audio-analysis/03UrZgTINDqvnUMbbIMhql
pop,Party Rock Anthem,"LMFAO, Lauren Bennett, GoonRock",72,https://api.spotify.com/v1/audio-analysis/7mitXLIMCflkhZiD34uEQI
pop,All Around The World (La La La),"R3HAB, A Touch Of Class",71,https://api.spotify.com/v1/audio-analysis/02itaCXOdC54J0ISjqqFAp
pop,The Sign,Ace of Base,71,https://api.spotify.com/v1/audio-analysis/0hrBpAOgrt8RXigk83LLNE
pop,Don't Cha,"The Pussycat Dolls, Busta Rhymes",71,https://api.spotify.com/v1/audio-analysis/0BxfFnk0YzONqvmrkO0QrB
pop,U Can't Touch This,MC Hammer,71,https://api.spotify.com/v1/audio-analysis/1B75hgRqe7A4fwee3g3Wmu
pop,Love Really Hurts Without You,Billy Ocean,71,https://api.spotify.com/v1/audio-analysis/4GhtDORJiSRYxj6M1bv0vX
pop,Cotton Eye Joe,Rednex,71,https://api.spotify.com/v1/audio-analysis/06hsdMbBxWGqBO0TV0Zrkf
pop,Born This Way,Lady Gaga,71,https://api.spotify.com/v1/audio-analysis/30XU4suKzCeoCK9YFzdufg
pop,Rockabye (feat. Sean Paul & Anne-Marie),"Clean Bandit, Sean Paul, Anne-Marie",70,https://api.spotify.com/v1/audio-analysis/5knuzwU65gJK7IF5yJsuaW
pop,Heroes (we could be),"Alesso, Tove Lo",70,https://api.spotify.com/v1/audio-analysis/3zU9rdflI65tK4dkkNSp77
pop,Tarzan Boy,Baltimora,70,https://api.spotify.com/v1/audio-analysis/273uCXd7NPrInaiNqtkOrA
pop,The Rhythm of the Night,Corona,70,https://api.spotify.com/v1/audio-analysis/0ofMkI3jzmGCElAOgOLeo3
pop,Never Forget You,"Zara Larsson, MNEK",70,https://api.spotify.com/v1/audio-analysis/6hmhG1b4LEyNuashVvuIAo
pop,Ice Ice Baby,Vanilla Ice,70,https://api.spotify.com/v1/audio-analysis/3XVozq1aeqsJwpXrEZrDJ9
pop,Beanie,Chezile,82,https://api.spotify.com/v1/audio-analysis/5e0b9LgOfi3aJSKXFcOWRe
pop,the perfect pair,beabadoobee,80,https://api.spotify.com/v1/audio-analysis/41P6Tnd8KIHqON0QIydx6a
pop,Nothing's New,Rio Romeo,78,https://api.spotify.com/v1/audio-analysis/0EF1EE8zusg3Y869e56JFd
pop,Bags,Clairo,78,https://api.spotify.com/v1/audio-analysis/6UFivO2zqqPFPoQYsEMuCc
pop,Tip Toe,HYBS,76,https://api.spotify.com/v1/audio-analysis/0MJ5wKsPEeihONNfugHGy7
pop,For the First Time,Mac DeMarco,80,https://api.spotify.com/v1/audio-analysis/2R4AlwtrrkMaRKojcTIzmL
pop,Better,sign crushes motorist,73,https://api.spotify.com/v1/audio-analysis/0Z94dtWElamDwU4NrcGoUR
pop,Ghostride,Crumb,71,https://api.spotify.com/v1/audio-analysis/0R3TWpoxAhT3HDXM7tpRzS
pop,4EVER,Clairo,73,https://api.spotify.com/v1/audio-analysis/5mIOsPuQdXchVY0jB5NO9Q
pop,In A Good Way,Faye Webster,71,https://api.spotify.com/v1/audio-analysis/2VYnlKxB8jpbCeLUjQsebc
pop,i wanna be your girlfriend,girl in red,73,https://api.spotify.com/v1/audio-analysis/5PjdC2gMATetx5xdnwGUu7
rock,In the End,Linkin Park,88,https://api.spotify.com/v1/audio-analysis/60a0Rd6pjrkxjPbaKzXjfq
rock,The Emptiness Machine,Linkin Park,89,https://api.spotify.com/v1/audio-analysis/2PnlsTsOTLE5jnBnNe2K0A
rock,Too Sweet,Hozier,79,https://api.spotify.com/v1/audio-analysis/3HMY0r2BAdpasXMY8rseR0
rock,Like a Stone,Audioslave,77,https://api.spotify.com/v1/audio-analysis/3YuaBvuZqcwN3CEAyyoaei
rock,Do I Wanna Know?,Arctic Monkeys,84,https://api.spotify.com/v1/audio-analysis/5FVd6KXrgO9B3JPmC8OPst
rock,Californication,Red Hot Chili Peppers,81,https://api.spotify.com/v1/audio-analysis/48UPSzbZjgc449aqz8bxox
rock,Iris,The Goo Goo Dolls,87,https://api.spotify.com/v1/audio-analysis/6Qyc6fS4DsZjB2mRW9DsQs
rock,Ride,Twenty One Pilots,80,https://api.spotify.com/v1/audio-analysis/2Z8WuEywRWYTKe1NybPQEW
rock,Otherside,Red Hot Chili Peppers,81,https://api.spotify.com/v1/audio-analysis/64BbK9SFKH2jk86U3dGj2P
rock,What I've Done,Linkin Park,81,https://api.spotify.com/v1/audio-analysis/18lR4BzEs7e3qzc0KVkTpU
rock,Decode,Paramore,71,https://api.spotify.com/v1/audio-analysis/1ZLtE9tSJdaUiIJ9YoKHQe
rock,Breaking the Habit,Linkin Park,74,https://api.spotify.com/v1/audio-analysis/3dxiWIBVJRlqh9xk144rf4
rock,Maps,Yeah Yeah Yeahs,75,https://api.spotify.com/v1/audio-analysis/0hDQV9X1Da5JrwhK8gu86p
rock,BURN IT DOWN,Linkin Park,76,https://api.spotify.com/v1/audio-analysis/7oVEtyuv9NBmnytsCIsY5I
rock,Everlong,Foo Fighters,81,https://api.spotify.com/v1/audio-analysis/5UWwZ5lm5PKu6eKsHAGxOk
rock,New Divide,Linkin Park,70,https://api.spotify.com/v1/audio-analysis/6Wx88Mv6b9ofjKMKkdwOJd
rock,21 Guns,Green Day,74,https://api.spotify.com/v1/audio-analysis/64yrDBpcdwEdNY9loyEGbX
rock,Everybody's Changing,Keane,73,https://api.spotify.com/v1/audio-analysis/0yac0FPhLRH9i9lOng3f81
rock,Leave Out All The Rest,Linkin Park,71,https://api.spotify.com/v1/audio-analysis/0sp00HSXkQyqTa6QqM0O8V
rock,I Don't Love You,My Chemical Romance,74,https://api.spotify.com/v1/audio-analysis/4RAOI1etsgbh5NP3T5R8rN
rock,Scar Tissue,Red Hot Chili Peppers,82,https://api.spotify.com/v1/audio-analysis/1G391cbiT3v3Cywg8T7DM1
rock,Where Is My Mind?,Pixies,72,https://api.spotify.com/v1/audio-analysis/0KzAbK6nItSqNh8q70tb0K
rock,CASTLE OF GLASS,Linkin Park,74,https://api.spotify.com/v1/audio-analysis/1r1fPuhj9H4VdXr7OK6FL5
rock,Can't Stop,Red Hot Chili Peppers,81,https://api.spotify.com/v1/audio-analysis/3ZOEytgrvLwQaqXreDs2Jx
rock,Black,Pearl Jam,73,https://api.spotify.com/v1/audio-analysis/5Xak5fmy089t0FYmh3VJiY
rock,You Get What You Give,New Radicals,74,https://api.spotify.com/v1/audio-analysis/1Cwsd5xI8CajJz795oy4XF
rock,Ain't No Rest for the Wicked,Cage The Elephant,76,https://api.spotify.com/v1/audio-analysis/3Pzh926pXggbMe2ZpXyMV7
rock,Snow (Hey Oh),Red Hot Chili Peppers,77,https://api.spotify.com/v1/audio-analysis/2aibwv5hGXSgw7Yru8IYTO
rock,Supermassive Black Hole,Muse,78,https://api.spotify.com/v1/audio-analysis/3lPr8ghNDBLc2uZovNyLs9
rock,Even Flow,Pearl Jam,77,https://api.spotify.com/v1/audio-analysis/6QewNVIDKdSl8Y3ycuHIei
rock,My Demons,STARSET,70,https://api.spotify.com/v1/audio-analysis/3Xfg7AegXaDLoD5GOUMf2e
rock,Uprising,Muse,75,https://api.spotify.com/v1/audio-analysis/4VqPOruhp5EdPBeR92t6lQ
rock,Use Somebody,Kings of Leon,76,https://api.spotify.com/v1/audio-analysis/5VGlqQANWDKJFl0MBG3sg2
rock,Dani California,Red Hot Chili Peppers,77,https://api.spotify.com/v1/audio-analysis/10Nmj3JCNoMeBQ87uw5j8k
rock,"Sex, Drugs, Etc.",Beach Weather,73,https://api.spotify.com/v1/audio-analysis/7DbdUf8aHSYoliSjO6LZv6
rock,In My Place,Coldplay,74,https://api.spotify.com/v1/audio-analysis/2nvC4i2aMo4CzRjRflysah
rock,Paralyzer,Finger Eleven,74,https://api.spotify.com/v1/audio-analysis/28IEbk5a7twNTbUEvWslUb
rock,Would? (2022 Remaster),Alice In Chains,72,https://api.spotify.com/v1/audio-analysis/5sFDReWLrZHLFZFjHsjUTS
rock,In the Shadows,The Rasmus,71,https://api.spotify.com/v1/audio-analysis/1fr92Vupmcs2vgLMFVQ7rd
rock,Take Me Out,Franz Ferdinand,80,https://api.spotify.com/v1/audio-analysis/20I8RduZC2PWMWTDCZuuAN
rock,Just Like Heaven,The Cure,73,https://api.spotify.com/v1/audio-analysis/4NnWuGQujzWUEg0uZokO5M
rock,By the Way,Red Hot Chili Peppers,74,https://api.spotify.com/v1/audio-analysis/1f2V8U1BiWaC9aJWmpOARe
rock,Two Faced,Linkin Park,79,https://api.spotify.com/v1/audio-analysis/6i5qhmmF9UNUBRyrPSGn4m
rock,The Emptiness Machine,Linkin Park,79,https://api.spotify.com/v1/audio-analysis/1EDPVGbyPKJPeGqATwXZvN
metal,Cowboys from Hell,Pantera,71,https://api.spotify.com/v1/audio-analysis/2SgbR6ttzoNlCRGQOKjrop
metal,Master Of Puppets,Metallica,75,https://api.spotify.com/v1/audio-analysis/2MuWTIM3b0YEAskbeeFE1i
metal,The Trooper - 2015 Remaster,Iron Maiden,71,https://api.spotify.com/v1/audio-analysis/4OROzZUy6gOWN4UGQVaZMF
metal,Walk,Pantera,73,https://api.spotify.com/v1/audio-analysis/7fcfNW0XxTWlwVlftzfDOR
metal,Chop Suey!,System Of A Down,83,https://api.spotify.com/v1/audio-analysis/2DlHlPMa4M17kufBvI2lEN
metal,One,Metallica,72,https://api.spotify.com/v1/audio-analysis/5IX4TbIR5mMHGE4wiWwKW0
metal,Cowboys from Hell,Pantera,71,https://api.spotify.com/v1/audio-analysis/2SgbR6ttzoNlCRGQOKjrop
metal,Duality,Slipknot,80,https://api.spotify.com/v1/audio-analysis/61mWefnWQOLf90gepjOCb3
metal,Enter Sandman,Metallica,79,https://api.spotify.com/v1/audio-analysis/5sICkBXVmaCQk5aISGR3x1
metal,Hail to the King,Avenged Sevenfold,75,https://api.spotify.com/v1/audio-analysis/5anCkDvJ17aznvK5TED5uo
metal,Freak On a Leash,Korn,77,https://api.spotify.com/v1/audio-analysis/6W21LNLz9Sw7sUSNWMSHRu
metal,Dragula,Rob Zombie,77,https://api.spotify.com/v1/audio-analysis/6Nm8h73ycDG2saCnZV8poF
metal,Nightmare,Avenged Sevenfold,70,https://api.spotify.com/v1/audio-analysis/4UEo1b0wWrtHMC8bVqPiH8
metal,My Own Summer (Shove It),Deftones,77,https://api.spotify.com/v1/audio-analysis/1158ckiB5S4cpsdYHDB9IF
rock,Sweet Home Alabama,Lynyrd Skynyrd,78,https://api.spotify.com/v1/audio-analysis/7e89621JPkKaeDSTQ3avtg
rock,Free Bird,Lynyrd Skynyrd,75,https://api.spotify.com/v1/audio-analysis/5EWPGh7jbTNO2wakv8LjUI
rock,Simple Man,Lynyrd Skynyrd,73,https://api.spotify.com/v1/audio-analysis/1ju7EsSGvRybSNEsRvc7qY
hip-hop,Self Care,Mac Miller,73,https://api.spotify.com/v1/audio-analysis/5bJ1DrEM4hNCafcDd1oxHx
hip-hop,"I'm Good Luv, Enjoy.",Aaron May,75,https://api.spotify.com/v1/audio-analysis/3RKLJPyyMZfwebsePAzqjL
hip-hop,Timeless (with Playboi Carti),"The Weeknd, Playboi Carti",92,https://api.spotify.com/v1/audio-analysis/1Es7AUAhQvapIcoh3qMKDL
hip-hop,Doomsday,"MF DOOM, Pebbles The Invisible Girl",72,https://api.spotify.com/v1/audio-analysis/7EQvdUJqZ2i7SWvSB2VqGA
hip-hop,"Darling, I (feat. Teezo Touchdown)","Tyler, The Creator, Teezo Touchdown",87,https://api.spotify.com/v1/audio-analysis/0VaeksJaXy5R1nvcTMh3Xk
hip-hop,Jukebox Joints (feat. Joe Fox & Kanye West),"A$AP Rocky, Joe Fox, Kanye West",72,https://api.spotify.com/v1/audio-analysis/2gAGWaK4wvt2xrFUlR4mK8
hip-hop,A Cold Sunday,Lil Yachty,72,https://api.spotify.com/v1/audio-analysis/1Y1jtaZOJYgXBl7lKdLc9o
hip-hop,infinity (888) - feat. Joey Bada$$,"XXXTENTACION, Joey Bada$$",70,https://api.spotify.com/v1/audio-analysis/7J2gyNghNTzl4EsLhXp01Q
hip-hop,MY EYES,Travis Scott,82,https://api.spotify.com/v1/audio-analysis/4kjI1gwQZRKNDkw1nI475M
hip-hop,Devil In A New Dress,"Kanye West, Rick Ross",76,https://api.spotify.com/v1/audio-analysis/1UGD3lW3tDmgZfAVDh6w7r
hip-hop,Love Yourz,J. Cole,73,https://api.spotify.com/v1/audio-analysis/2e3Ea0o24lReQFR4FA7yXH
hip-hop,Go Flex,Post Malone,72,https://api.spotify.com/v1/audio-analysis/5yuShbu70mtHXY0yLzCQLQ
hip-hop,Rich Spirit,Kendrick Lamar,73,https://api.spotify.com/v1/audio-analysis/1QPreu0BNOrUfEb8HTd2qG
hip-hop,I Smoked Away My Brain (I'm God x Demons Mashup) (feat. Imogen Heap & Clams Casino),"A$AP Rocky, Imogen Heap, Clams Casino",84,https://api.spotify.com/v1/audio-analysis/3ZaEs1O8BG581qYPHpQ8d6
hip-hop,Falling Down - Bonus Track,"Lil Peep, XXXTENTACION",84,https://api.spotify.com/v1/audio-analysis/4jvjzW7Hm0yK4LvvE0Paz9
hip-hop,Everybody Dies In Their Nightmares,XXXTENTACION,81,https://api.spotify.com/v1/audio-analysis/3GVkPk8mqxz0itaAriG1L7
hip-hop,It Was A Good Day,Ice Cube,78,https://api.spotify.com/v1/audio-analysis/2qOm7ukLyHUXWyR4ZWLwxA
hip-hop,WUSYANAME (feat. Youngboy Never Broke Again & Ty Dolla $ign),"Tyler, The Creator, YoungBoy Never Broke Again, Ty Dolla $ign",73,https://api.spotify.com/v1/audio-analysis/5B0kgjHULYJhAQkK5XsMoC
hip-hop,Weekend (feat. Miguel),"Mac Miller, Miguel",72,https://api.spotify.com/v1/audio-analysis/6GnhWMhgJb7uyiiPEiEkDA
hip-hop,a lot,21 Savage,77,https://api.spotify.com/v1/audio-analysis/2t8yVaLvJ0RenpXUIAC52d
hip-hop,Flashing Lights,"Kanye West, Dwele",83,https://api.spotify.com/v1/audio-analysis/5TRPicyLGbAF2LGBFbHGvO
hip-hop,Redbone,Childish Gambino,78,https://api.spotify.com/v1/audio-analysis/3vQ4T78TTMOjQXGfXVKQJo
hip-hop,Passionfruit,Drake,80,https://api.spotify.com/v1/audio-analysis/5mCPDVBb16L4XQwDdbRUpz
hip-hop,Revenge,XXXTENTACION,84,https://api.spotify.com/v1/audio-analysis/5TXDeTFVRVY7Cvt0Dw4vWW
hip-hop,ATLiens,Outkast,70,https://api.spotify.com/v1/audio-analysis/2vfvGlqCB7oertO5VLE0sz
hip-hop,Do For Love,2Pac,74,https://api.spotify.com/v1/audio-analysis/4AE7Lj39VnSZNOmGH2iZaq
hip-hop,Homecoming,"Kanye West, Chris Martin",79,https://api.spotify.com/v1/audio-analysis/4iz9lGMjU1lXS51oPmUmTe
hip-hop,Break from Toronto,PARTYNEXTDOOR,83,https://api.spotify.com/v1/audio-analysis/5fEB6ZmVkg63GZg9qO86jh
hip-hop,You Know How We Do It,Ice Cube,76,https://api.spotify.com/v1/audio-analysis/2Ih217RCGAmyQR68Nn7Cqo
hip-hop,Fuck Love,"XXXTENTACION, Trippie Redd",84,https://api.spotify.com/v1/audio-analysis/7AQim7LbvFVZJE3O8TYgf2
hip-hop,DUCKWORTH.,Kendrick Lamar,72,https://api.spotify.com/v1/audio-analysis/0y9uTzK9cNKSAEHnpeRG8C
hip-hop,See You Again (feat. Kali Uchis),"Tyler, The Creator, Kali Uchis",90,https://api.spotify.com/v1/audio-analysis/7KA4W4McWYRpgf0fWsJZWB
hip-hop,Good Morning,Kanye West,70,https://api.spotify.com/v1/audio-analysis/6MXXY2eiWkpDCezVCc0cMH
hip-hop,Teenage Fever,Drake,77,https://api.spotify.com/v1/audio-analysis/6n3HGiq4v35D6eFOSwqYuo
hip-hop,All Girls Are The Same,Juice WRLD,83,https://api.spotify.com/v1/audio-analysis/4VXIryQMWpIdGgYR4TrjT1
hip-hop,Chill Bae,Lil Uzi Vert,76,https://api.spotify.com/v1/audio-analysis/4ppKM7xnkSAwSyKqD4QTY4
hip-hop,Did It Again,Lil Tecca,72,https://api.spotify.com/v1/audio-analysis/4guBZjUyrGoHsTahO3IHdj
hip-hop,Wish (feat. Trippie Redd) - Trippie Mix,"Diplo, Trippie Redd",71,https://api.spotify.com/v1/audio-analysis/0c0YHn3DIQLl1opsQDd9kO
hip-hop,Lust,Lil Skies,70,https://api.spotify.com/v1/audio-analysis/7oJrVhiTPZGBXWPwhxjy9S
hip-hop,Goodbyes (feat. Young Thug),"Post Malone, Young Thug",74,https://api.spotify.com/v1/audio-analysis/0t3ZvGKlmYmVsDzBJAXK8C
hip-hop,Martin & Gina,Polo G,78,https://api.spotify.com/v1/audio-analysis/1VLtjHwRWOVJiE5Py7JxoQ
hip-hop,Drip Too Hard (Lil Baby & Gunna),"Lil Baby, Gunna",79,https://api.spotify.com/v1/audio-analysis/78QR3Wp35dqAhFEc2qAGjE
hip-hop,F.N,Lil Tjay,73,https://api.spotify.com/v1/audio-analysis/0RLLvYBopDwooCyvnTwgYu
hip-hop,Lean Wit Me,Juice WRLD,77,https://api.spotify.com/v1/audio-analysis/3oDkdAySo1VQQG0ptV7uwa
hip-hop,Ransom (with Juice WRLD) - Remix,"Lil Tecca, Juice WRLD",73,https://api.spotify.com/v1/audio-analysis/2WsuSYJNXGKXVYkHPnq2yp
hip-hop,Take What You Want (feat. Ozzy Osbourne & Travis Scott),"Post Malone, Ozzy Osbourne, Travis Scott",73,https://api.spotify.com/v1/audio-analysis/7CZyCXKG6d5ALeq41sLzbw
hip-hop,witchblades,"Lil Peep, Lil Tracy",71,https://api.spotify.com/v1/audio-analysis/57NsyEzmk0NT3NcOwuQT55
hip-hop,Ballin' (with Roddy Ricch),"Mustard, Roddy Ricch",73,https://api.spotify.com/v1/audio-analysis/3QzAOrNlsabgbMwlZt7TAY
hip-hop,Suicidal,YNW Melly,73,https://api.spotify.com/v1/audio-analysis/1iSqfoUFnQwV0QW1EfUit8
hip-hop,Flaws And Sins,Juice WRLD,70,https://api.spotify.com/v1/audio-analysis/0flSGzqHO12p9fU9kqaHGE
hip-hop,XO Tour Llif3,Lil Uzi Vert,81,https://api.spotify.com/v1/audio-analysis/7GX5flRQZVHRAGd6B4TmDO
hip-hop,Down With Me,Lil Tecca,70,https://api.spotify.com/v1/audio-analysis/00n83h3zn2IrySO4Q4aTrG
hip-hop,Wow.,Post Malone,77,https://api.spotify.com/v1/audio-analysis/7xQAfvXzm3AkraOtGPWIZg
hip-hop,HIM ALL ALONG,Gunna,76,https://api.spotify.com/v1/audio-analysis/2EKL77lwxvo615Ga7VjEUl
hip-hop,Maria I'm Drunk (feat. Justin Bieber & Young Thug),"Travis Scott, Justin Bieber, Young Thug",71,https://api.spotify.com/v1/audio-analysis/6Yqmv7XJLCrQEauMbPGZSw
hip-hop,Still Think About You,A Boogie Wit da Hoodie,73,https://api.spotify.com/v1/audio-analysis/2FTeQQ5Rg9tBpgpTF5mnhE
hip-hop,Come & Go (with Marshmello),"Juice WRLD, Marshmello",75,https://api.spotify.com/v1/audio-analysis/2Y0wPrPQBrGhoLn14xRYCG
hip-hop,500lbs,Lil Tecca,78,https://api.spotify.com/v1/audio-analysis/6rjuKpPydT2SxN15TZpV7r
hip-hop,Circles,Post Malone,83,https://api.spotify.com/v1/audio-analysis/21jGcNKet2qwijlDFuPiPb
hip-hop,16,Baby Keem,77,https://api.spotify.com/v1/audio-analysis/1Is8hGpkGMiePASAxBluxM
hip-hop,Chemical,Post Malone,75,https://api.spotify.com/v1/audio-analysis/5w40ZYhbBMAlHYNDaVJIUu
hip-hop,Russian Bandana,Dhanda Nyoliwala,74,https://api.spotify.com/v1/audio-analysis/1dFrZr9eMUsFqeag04ClqD
hip-hop,Sifar Safar,Karan Aujla,70,https://api.spotify.com/v1/audio-analysis/3lQPwCmD918SyoiIkw1zqx
hip-hop,Winning Speech,"Karan Aujla, Mxrci",75,https://api.spotify.com/v1/audio-analysis/3FqtduiaqnFYvBgKuc6QWQ
hip-hop,Still Rollin,Shubh,71,https://api.spotify.com/v1/audio-analysis/6oz1L5jcqZWYuId7nxvIan
hip-hop,9:45,"Prabh Singh, Jay Trak, Rooh Sandhu",73,https://api.spotify.com/v1/audio-analysis/6c4Po8zyQjB4cR5XgLhcGb
hip-hop,Cheques,Shubh,75,https://api.spotify.com/v1/audio-analysis/4eBvRhTJ2AcxCsbfTUjoRp
hip-hop,MVP,Shubh,70,https://api.spotify.com/v1/audio-analysis/5BQePe9rcCJozHK3oPayYk
hip-hop,King Shit,Shubh,72,https://api.spotify.com/v1/audio-analysis/1BpvuKIG7jK5EiTp2tv5z8
hip-hop,One Love,Shubh,75,https://api.spotify.com/v1/audio-analysis/5ZLkihi6DVsHwDL3B8ym1t
hip-hop,On Top,Karan Aujla,70,https://api.spotify.com/v1/audio-analysis/4SJMuaIYcBS8ke96lDYOsw
hip-hop,Old Money,AP Dhillon,71,https://api.spotify.com/v1/audio-analysis/4WLDaQ8AgSwUgFoPzJkAYK
hip-hop,Tu hai kahan,AUR,75,https://api.spotify.com/v1/audio-analysis/3zSSCPpLZ5Oc8nelhhGjKz
hip-hop,Bandana,Shubh,73,https://api.spotify.com/v1/audio-analysis/7KQdgW7QzNd9oPoCzjCU76
hip-hop,Big Dawgs,"Hanumankind, Kalmi",85,https://api.spotify.com/v1/audio-analysis/0OA00aPt3BV10qeMIs3meW
hip-hop,Doja,Central Cee,77,https://api.spotify.com/v1/audio-analysis/3LtpKP5abr2qqjunvjlX5i
hip-hop,LET GO,Central Cee,72,https://api.spotify.com/v1/audio-analysis/3zkyus0njMCL6phZmNNEeN
rock,Eres,CafÃ© Tacvba,74,https://api.spotify.com/v1/audio-analysis/6kdCN6gTWLcLxmLXoUcwuI
rock,La Camisa Negra,Juanes,72,https://api.spotify.com/v1/audio-analysis/2EM9zpAc7PVeoAydmbfVIL
rock,A Dios Le Pido,Juanes,72,https://api.spotify.com/v1/audio-analysis/129lYDVKnWtlJc2PZJviuA
rock,Es Por Ti,Juanes,77,https://api.spotify.com/v1/audio-analysis/3b1IQflSLrgzYQPGFzI9cl
rock,Luz De Dia,Los Enanitos Verdes,70,https://api.spotify.com/v1/audio-analysis/6TqXieeBcZZHyaO14hQpKx
rock,Inolvidable,Reik,70,https://api.spotify.com/v1/audio-analysis/22seP38foydqUMp5Fvkcjm
rock,Mientes,Camila,77,https://api.spotify.com/v1/audio-analysis/5EhzE6HJaCcLFrf5rPqvpk
rock,Todo CambiÃ³,Camila,75,https://api.spotify.com/v1/audio-analysis/4OyzSXRSadNQt5EMwASdap
rock,Nada Valgo Sin Tu Amor,Juanes,70,https://api.spotify.com/v1/audio-analysis/6QdwofpqDvvNxX88C9A0iQ
rock,La CÃ©lula Que Explota,Caifanes,72,https://api.spotify.com/v1/audio-analysis/5mB0MGsRfKZALHrXjnktCK
rock,Afuera,Caifanes,73,https://api.spotify.com/v1/audio-analysis/3pJfnBjO3kjudEchcPEDxS
rock,DevuÃ©lveme a mi chica,Hombres G,78,https://api.spotify.com/v1/audio-analysis/1Wrzhfa5bNlqvsnCztz190
rock,Lamento Boliviano,Los Enanitos Verdes,77,https://api.spotify.com/v1/audio-analysis/6Pur3hWy6Nzc27ilmsp5HA
rock,Clavado en Un Bar,ManÃ¡,74,https://api.spotify.com/v1/audio-analysis/78DVpEWwmJFC25KGz8fJuE
